xh,lxsaj,lxsmc,yycs,xkjyyw,dh,bz
1,/,宜昌大三峡国际旅行社有限公司,宜昌市西陵区东山大道80号,国内旅游业务、入境旅游业务、出境旅游业务（含赴台游）,6767573,
2,/,中国国旅（湖北）国际旅行社有限公司,宜昌市西陵区东山大道129-7号,国内旅游业务、入境旅游业务、出境旅游业务（含赴台游）,6908009,
3,/,湖北峡州国际旅行社有限公司,宜昌市西陵区夷陵路52号,国内旅游业务、入境旅游业务、出境旅游业务（含赴台游）,6467700,
4,/,湖北顺达国际旅行社有限公司,宜昌市西陵区云集路25号,国内旅游业务、入境旅游业务、出境旅游业务,6253300  6253678,
5,/,湖北峡州酒店产业集团海峡国际旅行社有限公司,宜昌市伍家岗区沿江大道124号（峡州银海丽景大酒店六楼）,国内旅游业务、入境旅游业务、出境旅游业务,6222792 6222334,
6,/,湖北长江观光国际旅行社有限公司,宜昌市西陵一路19号亚洲广场B座2601号,国内旅游业务、入境旅游业务、出境旅游业务,6223210 6223788,
7,/,宜昌康辉国际旅行社有限责任公司,湖北省宜昌市西陵区西陵一路51号（均瑶国际广场20层）,国内旅游业务、入境旅游业务,6589153,
8,/,宜昌天马国际旅行社有限责任公司,宜昌市西陵区胜利四路46号,国内旅游业务、入境旅游业务,6436886  6436499,
9,/,湖北神兴国际旅行社有限公司,兴山县古夫镇高铁站前地下室一层B1-20,国内旅游业务、入境旅游业务、出境旅游业务,6240111 6240333,
10,/,宜昌交运国际旅行社有限公司,宜昌市伍家岗区沿江大道142号,国内旅游业务、入境旅游业务、出境旅游业务,6461485,
11,/,宜昌江山国际旅行社有限公司,宜昌市沿江大道特168－7号万达广场C座7楼,国内旅游业务、入境旅游业务,6230788,
12,/,宜昌夕阳红国际旅行社有限公司,点军区五龙阳光小区商业A栋2楼（点军区文旅局）,国内旅游业务、入境旅游业务,6231921,
13,/,宜昌长江国际旅行社有限公司,湖北省宜昌市伍家岗区万寿桥街道沿江大道142号,国内旅游业务、入境旅游业务、,6226686,
14,/,宜昌市金色假期旅行社有限公司,宜昌市高新区城东大道19号A233（缤纷银座A座12楼233号）,国内旅游业务、入境旅游业务,6069889,
15,/,宜昌大地旅行社有限责任公司,宜昌市西陵区上导堤路12-1号,国内旅游业务、入境旅游业务,6712148,
16,/,宜昌市三峡旅行社有限公司,宜昌市西陵区培心路1号（华银大厦1210室）,国内旅游业务、入境旅游业务,6226606 6221969 6228151,
17,/,湖北宜陵国际旅行社有限公司,宜昌市伍家岗区沿江大道124号,国内旅游业务、入境旅游业务,8866019,
18,/,宜昌楚风旅行社有限责任公司,宜昌市伍家岗区隆康路35-51号,国内旅游业务、入境旅游业务,6221220,
19,/,湖北楚韵旅游有限公司,秭归县茅坪镇平湖大道4号,国内旅游业务、入境旅游业务,2880866 2880277 2885302,
20,/,兴山昭君旅行社有限公司,兴山县古夫镇昭君路,国内旅游业务、入境旅游业务,2588869,
21,/,湖北楚渝行国际旅行社有限公司（原隆泰）,宜昌市西陵区西陵一路22号（新世纪广场）,国内旅游业务、入境旅游业务,6746999,
22,/,宜昌天鹅旅行社有限公司,中国（湖北）自贸区宜昌片区大连路33号（清华科技园2号楼7楼）,国内旅游业务、入境旅游业务,6754111 6861995,
23,/,宜昌宜旅假日国际旅行社有限公司,宜昌市解放路52号三峡商城A座1505室,国内旅游业务、入境旅游业务,6908935,
24,/,宝中国际旅行社（湖北）有限公司,宜昌市伍家岗区沿江大道124号,国内旅游业务、入境旅游业务、出境旅游业务,6768169,
25,/,宜昌行知国际旅行社有限公司,宜昌市夷陵区东湖大道3号,国内旅游业务、入境旅游业务,7819438,
26,/,湖北久久国际旅行社有限公司,宜昌市夷陵大道78号,国内旅游业务、入境旅游业务,6466099,
27,/,宜昌青年假日旅行社有限公司,宜昌市伍家岗区沿江大道124号,国内旅游业务、入境旅游业务,6910805,
28,/,湖北旅苑国际旅行社有限公司,宜昌市夷陵区东城试验区发展大道121号金科集美阳光（0005）幢002221室,国内旅游业务、入境旅游业务,6226221,
29,/,宜昌行者旅行社有限公司,宜昌市西陵区东山大道105号,国内旅游业务、入境旅游业务,6228228,
30,/,宜昌市丽景旅行社有限公司,宜昌市伍家岗区城东大道112号2栋16层1626室,国内旅游业务、入境旅游业务,"15972722220
18972022220",
31,/,宜昌新三峡水电国际旅行社有限公司,宜昌市西陵区城东大道商业和居住项目(吾悦广场A地块商业部分S3#、S4#、S5#0单元4层000401、000402、000403、000404,国内旅游业务、入境旅游业务,6212000,
32,/,宜昌三峡美猴王国际旅行社有限公司,秭归县茅坪镇杨贵店村5组21号,国内旅游业务、入境旅游业务,6239977,
33,/,宜昌新视线旅行社有限责任公司,宜昌市西陵区培心路1号（华银大厦1204-1206室）,国内旅游业务、入境旅游业务,6225001 13032726895,
34,/,宜昌九州旅行社有限公司,湖北省宜昌市伍家岗区城东大道92号11栋B3-3010室,国内旅游业务、入境旅游业务,6222520 6220032,
35,/,宜昌市环球旅行社有限责任公司,宜昌市西陵区西陵一路18号,国内旅游业务、入境旅游业务,6236600,
36,/,星汇国际（宜昌）旅行社有限公司,宜昌市西陵区珍珠路109号,国内旅游业务、入境旅游业务,6710589,
37,/,宜昌市博雅旅行社有限责任公司,湖北省宜昌市东山大道99号2栋2503室,国内旅游业务、入境旅游业务,8864189,
38,/,湖北楚之旅国际旅行社有限公司,宜昌市西陵区解放路52三峡商城1707,国内旅游业务、入境旅游业务,0717-6971890,
39,/,宜昌市天禄旅行社有限责任公司,宜昌市伍家岗区隆康路18号,国内旅游业务、入境旅游业务,6239116,
40,/,湖北瑞城国际旅行社有限公司,宜昌市伍家岗区胜利四路2-2号,国内旅游业务、入境旅游业务,6444166 6444966,
41,/,宜昌华侨旅行社,宜昌市伍家岗区夷陵大道384号（金帝大酒店王家河店大堂内）,国内旅游业务、入境旅游业务,6902228,
42,/,宜昌光大旅行社有限责任公司,宜昌市西陵区西湖路32号,国内旅游业务、入境旅游业务,6908668 6580480,
43,/,秭归县风光旅行社有限责任公司,宜昌市秭归县茅坪镇滨湖路1号,国内旅游业务、入境旅游业务,2888007 2811898,
44,/,当阳市关公文化旅行社有限责任公司,当阳市玉阳街道办事处环城东路东侧(东城明珠小区)5栋1单元104铺,国内旅游业务、入境旅游业务,3253789 3238789,
45,/,宜昌新华旅行社有限责任公司,宜昌市沿江大道125号,国内旅游业务、入境旅游业务,6230000,
46,/,宜昌金峡国际旅行社有限责任公司,湖北省宜昌市西陵区西陵一路51号,国内旅游业务、入境旅游业务,6753370,
47,/,枝江市迅安达旅行社有限责任公司,枝江市马家店团结路81号,国内旅游业务、入境旅游业务,4225757 4226266,
48,/,湖北乐景游国际旅行社有限公司,伍家岗城东大道旭光商贸大厦5楼 508室,国内旅游业务、入境旅游业务,6215556,
49,/,宜昌江南旅行社有限公司,宜昌市解放路52号（时代广场A座1809室）,国内旅游业务、入境旅游业务,6760406 6905222 ,
50,/,宜昌市春秋旅行社有限责任公司,当阳市玉阳街道办事处广家洲路77号,国内旅游业务、入境旅游业务,3230008,
51,/,宜昌中国青年旅行社,宜昌市云集路21号金龙大厦,国内旅游业务、入境旅游业务,6910805 6238866,
52,/,宜昌市葛洲坝康养运营有限公司,宜昌市西陵区夜明珠路57号,国内旅游业务、入境旅游业务,8866666 6723831,
53,/,湖北京宜假期国际旅行社有限责任公司,宜昌市西陵区发展大道97-41号,国内旅游业务、入境旅游业务,15997695045,
54,/,宜昌美维国际旅行社有限公司,宜昌市伍家岗区胜利一路8-5号,国内旅游业务、入境旅游业务,6060056 6760046 ,
55,/,宜昌普瑞斯国际旅行社有限公司,宜昌市西陵区珍珠路69号（盈嘉酒店21楼）,国内旅游业务、入境旅游业务,6908113,
56,/,枝江市天地源旅行社有限责任公司,枝江市马家店镇民主路北段,国内旅游业务、入境旅游业务,4502666,
57,/,宜昌华天旅行社有限公司,宜昌市西陵区西陵一路8号（现代城市广场B309）,国内旅游业务、入境旅游业务,13972029305,
58,/,湖北维多利亚国际旅行社有限公司,湖北省宜昌市猇亭区金猇路181号-127,国内旅游业务、入境旅游业务,6755471,
59,/,宜昌启航旅行社有限责任公司,宜昌市西陵区东山大道107号卓悦广场B幢1209室,国内旅游业务、入境旅游业务,13135819328,
60,/,宜昌市金桥旅行社有限公司,宜昌市西陵区镇平路39号,国内旅游业务、入境旅游业务,6214111,
61,/,宜昌职工旅行社,宜昌市西陵区福绥路33号,国内旅游业务、入境旅游业务,6223280 6223305,
62,/,宜昌市卓越旅行社有限公司,宜昌市西陵区西陵一路8号（现代城市广场A212）,国内旅游业务、入境旅游业务,6452212,
63,/,宜昌蓝天旅行社有限责任公司,宜昌市西陵区珍珠路42-1号,国内旅游业务、入境旅游业务,6455106 6287698,
64,/,宜昌飞扬旅行社有限责任公司,宜昌市西陵区朝阳路90号平湖馨苑A区16-204室,国内旅游业务、入境旅游业务,6464819  13986791884,
65,/,宜昌市行天下旅行社有限公司,宜昌市胜利一路6号-12,国内旅游业务、入境旅游业务,6231168,
66,/,宜昌交运集团宜都旅行社有限公司,宜都市姚家店镇陆渔大道12号,国内旅游业务、入境旅游业务,4828508,
67,/,湖北周游国际旅行社有限公司,宜昌市西陵区东山大道2-1号商贸写字楼502房,国内旅游业务、入境旅游业务,6444333,
68,/,宜昌市天娇旅行社有限责任公司,宜昌市伍家岗区城东大道92号月星国际城B3B4号楼1单元8层010803号,国内旅游业务、入境旅游业务,6234708 6234588,
69,/,宜昌三江假期旅行社有限责任公司,宜昌市高新区大连路33号,国内旅游业务、入境旅游业务,6342303,
70,/,宜昌市海峰旅行社有限公司,宜昌市伍家岗区白沙路1号,国内旅游业务、入境旅游业务,6558582,
71,/,五峰柴埠溪旅行社有限责任公司,五峰渔洋关镇曹家坪村五组,国内旅游业务、入境旅游业务,5751519,
72,/,宜昌昌耀旅行社有限责任公司,宜昌市夷陵区东城路5号,国内旅游业务、入境旅游业务,7822921,
73,/,宜昌七彩之旅旅行社有限责任公司,宜昌市西陵区夷陵大道106号A栋,国内旅游业务、入境旅游业务,,
74,/,宜昌天缘旅行社有限责任公司,宜昌市东山大道66号,国内旅游业务、入境旅游业务,6123377,
75,/,宜昌运通铁旅假期旅行社有限责任公司,宜昌市夷陵区乐天溪镇朱家湾村1组,国内旅游业务、入境旅游业务,7516123,
76,/,宜昌纵横之旅旅行社有限责任公司,宜昌市沿江大道 129号（房产交易中心楼上）,国内旅游业务、入境旅游业务,6947003,
77,/,宜昌环宇旅行社有限公司,宜昌市伍家岗区夷陵大道135-3-202号（昭君花园）,国内旅游业务、入境旅游业务,6221988,
78,/,宜昌游天下国际旅行社有限公司,宜昌市夷陵区三峡路,国内旅游业务、入境旅游业务,7855570 7855592 7711999,
79,/,宜昌五洲假日旅行社有限公司,宜昌市西陵区西湖路25号（D1栋）,国内旅游业务、入境旅游业务,6855114,
80,/,宜昌领航国际旅行社有限公司,西陵区环城南路9－2－802号（紫晶城）,国内旅游业务、入境旅游业务,6908785,
81,/,宜昌海外旅行社有限公司,宜昌市解放路52号(三峡商城A座1301室),国内旅游业务、入境旅游业务,6760115,
82,/,宜昌博达旅行社有限公司,宜昌市伍家岗区桔城路17号,国内旅游业务、入境旅游业务,6443000,
83,/,湖北景秀假期国际旅行社有限公司,宜昌市西陵一路19号亚洲广场C座1204,国内旅游业务、入境旅游业务,6770802 6223009,
84,/,宜昌神州假期旅行社有限公司,宜昌市西陵区西陵一路19-1-2-2905号,国内旅游业务、入境旅游业务,13032737785,
85,/,宜昌美程旅行社有限公司,宜昌市沿江大道特168-5号万达广场A座1805室,国内旅游业务、入境旅游业务,6696298,
86,/,宜昌同程旅行社有限公司,宜昌市伍家岗区夷陵大道202-1号,国内旅游业务、入境旅游业务,13907209905,
87,/,宜昌人兴旅行社有限责任公司,秭归县茅坪镇长宁大道23－B号,国内旅游业务、入境旅游业务,2665555,
88,/,宜昌畅游旅行社有限责任公司,宜昌市火车东站二楼出站口,国内旅游业务、入境旅游业务,,
89,/,宜昌韵之旅旅行社有限公司,宜昌市夷陵区夷兴大道106号,国内旅游业务、入境旅游业务,7713626,
90,/,宜昌印象旅行社有限公司,湖北省宜昌市西陵区西陵二路22号1栋21楼2101室,国内旅游业务、入境旅游业务,6281676,
91,/,宜昌稻花香旅行社有限公司,宜昌市夷陵区龙泉镇龙泉村16组,国内旅游业务、入境旅游业务,7720999 7785333,
92,/,宜昌指南针旅行社有限公司,宜昌市西陵区珍珠路56-17-1101号,国内旅游业务、入境旅游业务,6223531,
93,/,宜昌汇丰旅行社有限公司,宜昌市西陵区珍珠路69号（盈嘉酒店21楼）,国内旅游业务、入境旅游业务,6363444,
94,/,湖北乐乐兔旅业有限公司,宜昌市西陵区西陵一路19号亚洲广场B座2605,国内旅游业务、入境旅游业务,6238111 6852208,
95,/,湖北行歌旅行社有限责任公司,宜昌市点军区将军路1号三峡非遗in巷14-201号铺位,国内旅游业务、入境旅游业务,5319801 5335806,
96,/,宜昌悦游旅行社有限公司,宜昌市伍家岗区城东大道112号长江国际文化广场2栋1205室,国内旅游业务、入境旅游业务,6233811,
97,/,湖北九海国际旅行社有限责任公司,宜昌市夷陵区小溪塔冯家湾望江路1号（中核半岛城邦0017幢206）,国内旅游业务、入境旅游业务,7853799,
98,/,至禧（湖北）国际旅行社有限公司,宜昌市西陵区东山大道101号,国内旅游业务、入境旅游业务,6222165,
99,/,宜昌龙锦旅行社有限公司,宜昌市伍家岗区沿江大道130号御江一品1栋1单元1605室,国内旅游业务、入境旅游业务,6971281,
100,/,宜昌嘉年华旅行社有限公司,湖北省宜昌市西陵区西陵一路6号,国内旅游业务、入境旅游业务,6930800,
101,/,湖北省高峡平湖游船有限责任公司,秭归县茅坪镇平湖大道13号,国内旅游业务、入境旅游业务,15717200135,
102,/,湖北悦诚国际旅行社有限公司,湖北省宜昌市西陵区西陵二路22号1栋12楼1203室,国内旅游业务、入境旅游业务,6386566 6099713,
103,/,宜昌欧美嘉旅行社有限公司,宜昌市伍家岗区沿江大道特168-7号C座2006,国内旅游业务、入境旅游业务,6588781 6941007,
104,/,宜昌万景旅行社有限公司,宜昌市西陵区西陵一路19-1-2-1709号（亚洲广场B座1709）,国内旅游业务、入境旅游业务,6443535,
105,/,宜昌景程国际旅行社有限公司,宜昌市西陵区解放路52号（三峡商城A座1666室）,国内旅游业务、入境旅游业务,6731168 6253036,
106,/,湖北硒恩假期国际旅行社有限公司,宜昌高新区发展大道11号,国内旅游业务、入境旅游业务,6363689  6596456,
107,/,湖北动感国际旅行社有限公司,宜昌市伍家岗区香山福久源办公大楼1601,国内旅游业务、入境旅游业务,6682020 6222030,
108,/,宜昌天美旅行社有限公司,宜昌市西陵区樵湖路9号,国内旅游业务、入境旅游业务,6725498 6725491,
109,/,湖北信趣游国际旅行社有限公司,宜昌市伍家岗区胜利三路与沿江大道转角处（御江一品1号楼1单元18层011803房） ,国内旅游业务、入境旅游业务,6225588 6225577,
110,/,湖北和之旅国际旅行社有限责任公司,宜昌市西陵区东山大道2-1号,国内旅游业务、入境旅游业务,6713893 6713892,
111,/,宜昌随旅旅行社有限公司,湖北省宜昌市枝江市马家店民主大道东侧,国内旅游业务、入境旅游业务,4205468,
112,/,湖北三江天龙湾旅行社有限公司,湖北省宜都市陆城体育路1号,国内旅游业务、入境旅游业务,4666598 4883888,
113,/,星际国际旅行社（宜昌）有限责任公司,湖北省宜昌市伍家岗区沿江大道特168-5号,国内旅游业务、入境旅游业务,6693592,
114,/,宜昌开心假期国际旅行社有限公司,湖北省宜昌市西陵区云集路45-1号,国内旅游业务、入境旅游业务,6256838 6470883,
115,/,宜昌探索假日国际旅行社有限公司,湖北省宜昌市西陵区解放路52号时代广场A座1808室,国内旅游业务、入境旅游业务,6775008 6908785,
116,/,湖北欢途国际旅行社有限公司,宜昌市伍家岗区沿江大道特168-7号,国内旅游业务、入境旅游业务,6332000 6621000,
117,/,湖北柚子旅行社有限责任公司,中国（湖北）自贸区宜昌片区汕头路16号东山康城1-2108号,国内旅游业务、入境旅游业务,6036313 6037511,
118,/,宜昌领头羊旅行社有限公司,宜昌市伍家岗区伍家乡共强村东城花园1-3-601号,国内旅游业务、入境旅游业务,6263320 6682308,
119,/,湖北鑫辰国际旅行社有限公司,远安县鸣凤镇安泰大道1号航天花园12号楼107铺、10铺8、109铺,国内旅游业务、入境旅游业务,3680666 3683888,
120,/,宜昌益美圣国际旅行社有限公司,宜昌市伍家岗区同强路万豪中心C区3号楼15层001519号,国内旅游业务、入境旅游业务,6360558 6360555,
121,/,湖北途安旅行社有限公司,枝江市马家店街办迎宾大道36号,国内旅游业务、入境旅游业务,4910293 4910294,
122,/,湖北灵秀南郡国际旅行社有限公司,宜昌市夷陵区太平溪镇高峡大道30号,国内旅游业务、入境旅游业务,7511105 7511106,
123,/,宜昌笨鸟旅行社有限公司,秭归县茅坪镇丹阳路11号,国内旅游业务、入境旅游业务,2884919,
124,/,湖北外星旅行社有限公司,宜昌市西陵区珍珠路42-1号,国内旅游业务、入境旅游业务,6287698  6287598,
125,/,宜昌春江国际旅行社有限公司,湖北省宜昌市伍家岗区城东大道112号2栋19层1919室、1920室,国内旅游业务、入境旅游业务,6251508 6920386,
126,/,宜昌市旅邦旅行社有限公司,宜昌市伍家岗区沿江大道130号1栋2单元1203室,国内旅游业务、入境旅游业务,6281114 6481114,
127,/,宜昌华乐达游轮管理有限公司,湖北省宜昌市伍家岗区沿江大道特168-5号万达广场A座1008室,国内旅游业务、入境旅游业务,6551002  6943696,
128,/,湖北蛮惠浪旅游文化有限公司,湖北省宜昌市西陵区绿萝路4号-303,国内旅游业务、入境旅游业务,6204102  6716698,
129,/,宜昌辉途国际旅行社有限公司,宜昌市伍家岗区夷陵大道179号2单元10层2室,国内旅游业务、入境旅游业务,6855445 6855823,
130,/,湖北雅汇国际旅行社有限公司,湖北省宜昌市西陵区解放路52号三峡商城A座写字楼A806,国内旅游业务、入境旅游业务,6213196  6908101,
131,/,宜昌清江旅行社有限公司,宜都市陆城长江大道57号,国内旅游业务、入境旅游业务,4953118 4953001 ,
132,/,湖北万泰旅游有限公司,秭归县茅坪镇南郡大道10号市民广场大楼10楼,国内旅游业务、入境旅游业务,2661088 2661066  ,
133,/,宜昌尚客优旅游服务有限公司,当阳市玉泉办事处环城南路,国内旅游业务、入境旅游业务,3902266 3902228,
134,/,宜昌树懒假期国际旅行社有限公司,湖北省宜昌市西陵区星火路气象台小区4号,境内旅游业务、入境旅游业务,"6233066
6222880",
135,/,宜昌缆水国际旅行社有限公司,宜昌市夷陵区太平溪镇高峡大道4号,境内旅游业务、入境旅游业务,7511599,
136,/,湖北聚优游国际旅行社有限公司,湖北省宜昌市伍家岗区伍临路3-1-1306号,境内旅游业务、入境旅游业务,"6970897
6677176",
137,/,宜昌行思文化旅游有限公司,秭归县茅坪镇建平路17号(仅限办公用途),境内旅游业务、入境旅游业务,"6713399
6713398",
138,/,宜昌祥鹏旅行社有限公司,湖北省宜昌市西陵区培心路1号,境内旅游业务、入境旅游业务,"6287000
6287111",
139,/,宜昌青扬旅行社有限公司,湖北省宜昌市西陵区解放路52号三峡商城A座写字楼A806,境内旅游业务、入境旅游业务,"6971785
6181196",
140,/,湖北安馨国际旅行社有限公司,湖北省宜昌市西陵区环城南路9号紫晶城观澜1单元2101,境内旅游业务、入境旅游业务,"6738188
6533686",
141,/,湖北呆小贝国际旅行社有限公司,宜昌市西陵区解放路52号,境内旅游业务、入境旅游业务,"6760899
6760920",
142,/,宜都市青林旅行社有限公司,宜都市高坝洲镇青林寺村2-079号,境内旅游业务、入境旅游业务,"4772000
4772777",
143,/,湖北水电国际旅行社有限公司,湖北省宜昌市西陵区西陵云集路2-1-1203号,境内旅游业务、入境旅游业务,"6442806
6682068",
144,/,湖北九途国际旅行社有限公司,宜昌市夷陵区三斗坪镇园艺村二组,境内旅游业务、入境旅游业务,"7951678
7873678",
145,/,湖北鸿福国际旅行社有限公司,"宜昌市伍家岗区桔城路6号31栋1601,1619,1620室",境内旅游业务、入境旅游业务,"6682020
6226770",
146,/,湖北和合兴文化旅游有限公司,宜昌市西陵区西湖路25号住邦科技园A区5-4号,境内旅游业务、入境旅游业务,"6572275
6671508",
147,/,湖北橙力量国际旅行社有限公司,宜昌市西陵区大学路8号三峡大学创新创业基地,境内旅游业务、入境旅游业务,"6067301
6067302",
148,/,宜昌泰享旅行社有限公司,湖北省宜昌市西陵区培心路华银大厦B座12楼1203号,境内旅游业务、入境旅游业务,"6851116
6221331",
149,/,湖北恺益文化旅游有限公司,宜昌市伍家岗区伍临路33号6栋1楼,境内旅游业务、入境旅游业务,"6219788
6513788",
150,/,湖北诚之旅旅行社有限公司,宜昌市西陵区沿江大道83-2-602号,境内旅游业务、入境旅游业务,"6309980
6309981",
151,/,湖北山青水秀国际旅行社有限公司,湖北省宜昌市西陵区西陵一路19-1-2-2307号,境内旅游业务、入境旅游业务,"6216697
6216698",
152,/,宜昌青松国际旅行社有限公司,宜昌市西陵区夷陵大道52号-1-029号,境内旅游业务、入境旅游业务,"6065276
2196199",
153,/,兴山四季旅行社有限公司,兴山县古夫镇北斗坪社区客运站三楼301号,境内旅游业务、入境旅游业务,"2525168
2520299",
154,/,湖北嗨森游国际旅行社有限公司,湖北省宜昌市夷陵区分乡镇明珠南路36号,境内旅游业务、入境旅游业务,"6972080
6225508",
155,/,湖北康小宝国际旅行社有限公司,宜昌市西陵区珍珠路73号,境内旅游业务、入境旅游业务,"6572518
6572322",
156,/,宜昌乐之行旅行社有限公司,当阳市玉阳街道办事处玉阳路17号2栋301,境内旅游业务、入境旅游业务,"3221113
3221119",
157,/,湖北全景旅游发展有限公司,湖北省宜昌市西陵区体育场路41-2号,境内旅游业务、入境旅游业务,"6918788
6916766",
158,/,湖北欣圣国际旅行社有限责任公司,宜都市陆城长江大道179号,境内旅游业务、入境旅游业务,"4820818
4827338",
159,/,宜昌交运三峡人家专线旅行社有限公司,宜昌市西陵区镇平路39号,境内旅游业务、入境旅游业务,"6903281
6903271",
160,/,宜昌世景国际旅行社有限公司,宜昌市西陵区西陵一路19-1-2-1901号,境内旅游业务、入境旅游业务,"6902975
6902976",
161,/,湖北河马国际旅行社有限公司,湖北省宜昌市伍家岗区城东大道93号B02区-3-030110,境内旅游业务、入境旅游业务,"6210550
6219663",
162,/,湖北欢途国际旅游发展有限公司,湖北省宜昌市西陵区体育场路41-2号,境内旅游业务、入境旅游业务,"6930953
6930917",
163,/,湖北陈氏国际旅行社有限责任公司,湖北省宜昌市伍家岗区沿江大道特168-6号万达广场B座1721-22室,境内旅游业务、入境旅游业务,6282484,
164,/,宜昌臻慧游旅行社有限公司,兴山县古夫镇高铁站地下门面B1-21号,境内旅游业务、入境旅游业务,"6611680
6561969",
165,/,湖北抖乐科技发展有限公司,宜昌市西陵区西湖路32号,境内旅游业务、入境旅游业务,6557494,
166,/,宜昌星坐标国际旅行社有限公司,湖北省宜昌市夷陵区东城试验区梅子垭村梅岭馨苑11-2号门面,境内旅游业务、入境旅游业务,"6904479
6904480",
167,/,湖北冠峡国际旅行社有限公司,湖北省宜昌市夷陵区东城试验区梅子垭村梅岭馨苑11-1号门面,境内旅游业务、入境旅游业务,"6904459
6975851",
168,/,宜昌市大洲旅行社有限公司,湖北省宜昌市伍家岗区沿江大道特168-6号万达广场B2611号,境内旅游业务、入境旅游业务,"6433389
6433536",
169,/,湖北智景国际旅行社有限公司,湖北省宜昌市伍家岗区沿江大道129号金江银座1003室,境内旅游业务、入境旅游业务,"6212223
6210636",
170,/,湖北省喜乐旅行社有限责任公司,宜昌市西陵区胜利四路46号湖北日报传媒集团三峡分社Ｖ6创意园园区内Ｂ栋1层,境内旅游业务、入境旅游业务,"7103812
7103813",
171,/,宜昌市景中景旅行社有限公司,湖北省宜昌市远安县鸣凤镇解放路4号203,境内旅游业务、入境旅游业务,"3680009
3689992",
172,/,湖北省夏航国际旅行社有限公司,宜昌市西陵区解放路52号,境内旅游业务、入境旅游业务,"6233626
6233628",
173,/,湖北八方游国际旅行社有限公司,宜昌市西陵区绿萝路4号,境内旅游业务、入境旅游业务,"6620868
6225508",
174,/,宜昌市展航旅行社有限责任公司,湖北省宜昌市远安县鸣凤镇西门路2号,境内旅游业务、入境旅游业务,3819365,
175,/,湖北新起点国际旅行社有限公司,宜昌市伍家岗区沿江大道198号江山风华D-16号商铺,境内旅游业务、入境旅游业务,"6222102
6222103",
176,/,湖北省红岩国际旅行社有限公司,湖北省宜昌市宜都市姚家店镇万达金街商铺15栋310号（自主申报）,境内旅游业务、入境旅游业务,"6687775
6287775",
177,/,宜昌隆基旅运有限公司,宜昌市西陵区东山大道140-1103号,境内旅游业务、入境旅游业务,"6620011
6620022",
178,/,宜昌华夏国际旅行社有限公司,宜昌市伍家岗区沿江大道特168-7号9层,境内旅游业务、入境旅游业务,"6623352
8857151",
179,/,宜昌爱好游国际旅行社有限公司,宜昌市伍家岗区城东大道85号旭光商贸大厦6楼605室,境内旅游业务、入境旅游业务,"6213216
6216012",
180,/,湖北省荣耀假期旅行社有限责任公司,宜昌市西陵区绿萝路4号-202,境内旅游业务、入境旅游业务,"6830703
6435268",
181,/,湖北乡村耕读国际旅行社有限责任公司,五峰土家族自治县渔洋关镇曹家坪路62号,境内旅游业务、入境旅游业务,"5822088
5823008",
182,/,湖北八月假期国际旅行社有限公司,宜昌市伍家岗区伍临路33号6栋B座1307,境内旅游业务、入境旅游业务,"6214639
6216436",
183,/,当阳市长坂文化旅游有限公司,当阳市玉阳街道端直街22号（原百货大楼一楼）,境内旅游业务、入境旅游业务,"3226216
3228355",
184,/,宜昌市景云旅行社有限公司,宜昌市西陵区夜明珠路49号,境内旅游业务、入境旅游业务,"6711785
6830703",
185,/,湖北华运旅行社有限责任公司,宜昌市伍家岗区城东大道与合益路交汇处天悦广场9-030603、9-030604,境内旅游业务、入境旅游业务,"6443536
6443537",
186,/,湖北优界旅行社有限公司,宜昌市西陵区西陵二路169号三峡数智产业园5层,境内旅游业务、入境旅游业务,7551119 7826511,
187,/,湖北好旅伴国际旅行社有限公司,宜昌市伍家岗区同强路7号13栋15层1515室,境内旅游业务、入境旅游业务,6745606  6521606,
188,/,宜昌鸿盛旅行社有限责任公司,湖北省宜昌市点军区李家河村（江南大道62号）,境内旅游业务、入境旅游业务,6223809 6988112,
189,/,湖北欢朋国际旅行社有限公司,宜昌市西陵区夷陵大道52-2-061号,境内旅游业务、入境旅游业务,"6218865
6218580",
190,/,湖北佳跃国际旅行社有限公司,宜昌市西陵区云集路2-1号云集大厦702,境内旅游业务、入境旅游业务,6682068  6442806,
191,/,湖北云中国际旅行社有限公司,宜昌市西陵区发展大道91-13号,境内旅游业务、入境旅游业务,"4008360735
4008921837",
192,/,宜昌兴成国际旅行社有限公司,宜昌市西陵区解放路8号宜贸大楼三楼B01室,境内旅游业务、入境旅游业务,"6232288
6211205",
193,/,湖北阅山河国际旅行社有限责任公司,宜昌市西陵区体育场路41号2栋,国内旅游业务、入境旅游业务,"6981398
6981394",
194,/,宜达国际旅行社（宜昌市）有限公司,宜昌市西陵区珍珠路111号9A-1,境内旅游业务、 入境旅游业务,"8866861
6752188",
195,/,湖北顺嘉弘国际旅行社有限公司,宜昌市夷陵区太平溪镇港口路26-6号,境内旅游业务、 入境旅游业务,"7510018
6583666",
196,/,湖北鄂旅国际旅行社有限公司,宜昌市伍家岗区城东大道93号A02-1012,境内旅游业务、 入境旅游业务,"6093347
6093349",
197,/,湖北柏年国际旅行社有限责任公司,宜昌市西陵区石子岭路28号葛洲坝青少年宫二楼门面（215-220）,境内旅游业务、 入境旅游业务,2990379  6214446,
198,/,宜昌陈氏国际旅行社有限责任公司,湖北省宜昌市西陵区学院街道解放路52号A栋,境内旅游业务、 入境旅游业务,"6971889
6760420",
199,/,湖北全景国际旅行社有限公司,宜昌市伍家岗区同强路7号万豪中心C区2栋7层000713号,境内旅游业务、 入境旅游业务,6218733     8866686,
200,/,湖北君汇国际旅行社有限公司,湖北省宜昌市西陵区学院街道解放路52号A栋,境内旅游业务、 入境旅游业务,6234590,
201,/,宜昌智荟旅游有限公司,宜昌市长阳土家族自治县龙舟坪镇（长阳清江电商物流创业园）长阳大道255-1,境内旅游业务、 入境旅游业务,13886661289 18971573586,
202,/,宜昌嗨行国际旅游有限公司,宜昌市宜都市陆城锦绣江南37栋111号商铺（自主申报）,境内旅游业务、 入境旅游业务,4607499  4833121,
203,/,湖北省品游国际旅行社有限责任公司,宜昌市伍家岗区东山大道139号,境内旅游业务、 入境旅游业务,6620366 6678066,
204,/,湖北旅韵国际旅行社有限公司,湖北省宜昌市伍家岗区楚天高速公路宜昌收费站管理所西侧100米,境内旅游业务、 入境旅游业务,6388708  6388718,
205,/,宜昌交运集团客运有限公司,宜昌市伍家岗区花艳路3号,境内旅游业务、 入境旅游业务,6915010  6915002,
206,/,宜昌橙子国际旅行社有限公司,宜昌市西陵区东山大道109-021201号,境内旅游业务、 入境旅游业务,6212007  6212611,
207,/,五峰欧之旅旅行社有限责任公司,湖北省宜昌市五峰土家族自治县渔洋关镇胜利路100号,境内旅游业务、 入境旅游业务,5193686 5750100,
208,/,宜昌市凯娜旅行社有限公司,宜昌市夷陵区太平溪镇伍相庙村望洋商住楼 020102室,境内旅游业务、 入境旅游业务,7510777 7510888,
209,/,湖北鄂西风情国际旅行社有限公司,湖北省宜昌市猇亭区古老背街道金岭路59号盛世天下1栋,境内旅游业务、 入境旅游业务,6972572  6976625,
210,/,宜昌臻游国际旅行社有限公司,宜昌市西陵区东山大道109-021903号,境内旅游业务、 入境旅游业务,6214288 6718900,
211,/,宜昌夷道畅游旅行社有限公司,湖北省宜昌市宜都市陆城鲟龙水街1F-071号二楼,境内旅游业务、 入境旅游业务,4771111 4881111,
212,/,湖北吾家国际旅行社有限责任公司,宜昌市伍家岗区白沙路1号吾家大酒店B栋七层701号,境内旅游业务、 入境旅游业务,6931444  6931456,
213,/,鸿运国际旅行社（湖北）有限公司,湖北省宜昌市伍家岗区沿江大道特168-7号万达广场C座1820室,境内旅游业务、入境旅游业务,6973978   6973976,
214,/,湖北硒道主国际旅行社有限公司,湖北省宜昌市伍家岗区城东大道112号1栋16层1602室,境内旅游业务、入境旅游业务,6238678 6569968,
215,/,云顶国际旅行社（湖北）有限公司,湖北省宜昌市点军区江南大道178号磨基山旅游综合体A6门面,境内旅游业务、入境旅游业务,6554148 6620003,
216,/,紫荆花（湖北）国际旅行社有限责任公司,宜昌市西陵区解放路52-1801B号,境内旅游业务、入境旅游业务,6760706 6760908,
217,/,湖北悠途国际旅行社有限公司,宜昌市西陵区解放路52号A座1510室,境内旅游业务、入境旅游业务,3990928 3990929,
218,/,湖北易道和国际旅行社有限公司,湖北省宜昌市西陵区果园二路8号,境内旅游业务、入境旅游业务,6921593 6921595,
219,/,湖北鼎义国际旅行社有限公司 ,湖北省宜昌市伍家岗区城东大道92号11栋012416室,境内旅游业务、入境旅游业务,6238678 6569968,
220,/,湖北飞越国际旅行社有限公司,宜昌市伍家岗区沿江大道特168-6号万达广场B2401号,境内旅游业务、入境旅游业务,6920396 6920496,
221,/,湖北逸景国际旅行社有限公司,宜昌市伍家岗区伍临路3-1-1202号,境内旅游业务、入境旅游业务,6998255 6976682,
222,/,湖北省港中国际旅行社有限公司,宜昌市伍家岗区沿江大道特168-6号B栋1311室,境内旅游业务、入境旅游业务,6916433 6976373,
223,/,湖北山河国际旅行社有限责任公司,宜昌市西陵区培心路1号华银大厦B1208,境内旅游业务、入境旅游业务,6030944 6444558,
224,/,宜昌胜隆国际旅行社有限公司,宜昌市伍家岗区桔乡路501号共同大厦10楼12号,境内旅游业务、入境旅游业务,6212265 6499288,
225,/,湖北逸途旅行社有限公司,湖北省宜昌市西陵区西陵二路169号1号楼主楼1层102,境内旅游业务、入境旅游业务,6976100 6938533,
226,/,湖北鑫旅程旅行社有限公司,北省宜昌市高新区大连路33号清华科技园5号楼B座306,境内旅游业务、入境旅游业务,8584663 8584665,
227,/,宜昌聚一文化旅游有限公司,湖北省宜昌市夷陵区小溪塔街道龙泉山村南津关路8号,境内旅游业务、入境旅游业务,7202560 8862161,
228,/,宜昌欣玺国际旅行社有限公司,湖北省宜昌市西陵区四新路1-202号,境内旅游业务、入境旅游业务,6710589 8866861,
229,/,湖北省粤楚国际旅行社有限公司,宜昌市西陵区解放路8号宜贸大楼三楼3B16号,境内旅游业务、入境旅游业务,6255001 6902230,
230,/,五峰山通服务管理有限公司,五峰土家族自治县渔洋关镇柴埠溪路3号（御庭湾小区2栋0单元305铺）（增设经营场所：五峰土家族自治县五峰镇沿河东路100号）,境内旅游业务、入境旅游业务,5825338 5915999,
231,/,宜昌润华国际旅行社有限公司,湖北省宜昌市伍家岗区东站路169号共和景晨创业中心A栋27楼,境内旅游业务、入境旅游业务,6440001 6440002,
232,/,湖北交投三江文旅康养发展有限公司,宜都市陆城街道三江路6号（自主申报）,境内旅游业务、入境旅游业务,4826666 4739616,
233,/,宜昌市几木旅游有限责任公司,湖北省宜昌市点军区五龙三路8号0341幢第101号商铺,境内旅游业务、入境旅游业务,6211213 6211833,
234,/,宜昌市雪杉天辙旅游有限公司,湖北省宜昌市点军区锦绣城南小区商业A-D110,境内旅游业务、入境旅游业务,6265558 6266538,
235,/,宜昌洲际国际旅行社有限公司,湖北省宜昌市伍家岗区沿江大道130号1栋1单元1605室,境内旅游业务、入境旅游业务,6902369 6262699,
236,/,宜昌江河国际旅行社有限公司,湖北省宜昌市西陵区体育场路41-2号,境内旅游业务、入境旅游业务,6930953 6930872,
237,/,宜昌尚旅旅游发展有限公司,中国（湖北）自贸区宜昌片区大连路33号11栋1单元17层1707室,国内旅游业务、入境旅游业务,6730068,
238,/,湖北途途国际旅行社有限公司,宜昌高新区城东大道60号鸿华时代b座1302,国内旅游业务、入境旅游业务,"6211432
6217959",
239,/,景通文旅科技（宜昌）有限公司,中国（湖北）自贸区宜昌片区大连路9号太平鸟创意园A320A,国内旅游、入境旅游业务,"6739557
6748228",
240,/,湖北惠旅假期国际旅行社有限公司,中国（湖北）自贸区宜昌片区城东大道21号3栋2单元1802室,国内旅游、入境旅游业务,"6730868
6943308",
241,/,宜昌翘楚旅行社有限公司,中国（湖北）自贸区宜昌片区发展大道57-6号三峡云计算大厦产业大楼15层05号房,境内旅游业务、入境旅游业务,"6213658
6218938",
242,/,宜昌东方假日国际旅游有限责任公司,中国（湖北）自贸区宜昌片区大连路33号,国内旅游业务、入境旅游业务,6241413 6448500,
243,/,宜昌何李旅行社有限责任公司,中国（湖北）自贸区宜昌片区港城路16号安旺九龙城科研楼502室,国内旅游业务、入境旅游业务,6710877 6694710,
244,/,宜昌永耀电力集团有限责任公司,宜昌高新区城东大道42号,国内旅游业务、入境旅游业务,6786096 6786282,
245,/,湖北有方文化旅游有限公司,湖北省宜昌高新区大连路33号清华科技园11栋1001室,国内旅游业务、入境旅游业务,"6058456
6058457",
246,/,宜昌优游旅行社有限公司,宜昌高新区城东大道与东运路交汇处恒大帝景2号办公楼,国内旅游业务、入境旅游业务,6392596,
247,/,湖北坤发国际旅行社有限公司,湖北省宜昌高新区发展大道57-6号A座10层03号,境内旅游业务、入境旅游业务,6216550,
248,/,湖北省美景国际旅行社有限责任公司,湖北省宜昌高新区发展大道57号6栋2单元2104、2105室,境内旅游业务、入境旅游业务,"6581788
6980220",
249,/,湖北楚越国际旅行社有限公司,湖北省宜昌高新区城东大道60号鸿华SOHO时代1单元8层010803号,境内旅游业务、入境旅游业务,6280089   6212223,
250,/,锦途国际旅行社（湖北）有限责任公司,湖北省宜昌高新区桔乡路519-28号010403室,境内旅游业务、入境旅游业务,6366008  6398008,
251,/,宜昌想游国际旅行社有限公司,宜昌市发展大道16号金德瑞酒店20楼2001,国内旅游业务、入境旅游业务,6381185 6357730,
