xh,tsmc,zz,ssh,szwz
1,“詹守分堂”家族史略：1832-2009,詹同著,K810.2,地方文献阅览室/04排/B面-04列/5层
2,《水经注疏.江水》校注补,熊茂洽，曹诗图著,K928.4,地方文献阅览室/05排/A面-05列/1层
3,2011三峡·宜昌：正在崛起的世界水电旅游名城,姚朝云著,K928.7,地方文献阅览室/05排/A面-05列/2层
4,20世纪之交的三峡宜昌．第二部,李亚隆主编,K928.4,地方文献阅览室/05排/A面-05列/1层
5,20世纪之交的三峡宜昌．第一部,李亚隆主编,K928.4,地方文献阅览室/05排/A面-05列/1层
6,爱莲堂湖北秭归台子湾周氏宗祠,秭归台子湾周氏宗祠族谱编纂委员会编,K820.9,地方文献阅览室/04排/B面-05列/4层
7,爱莲堂湖北秭归台子湾周氏宗祠,秭归台子湾周氏宗祠族谱编纂委员会编,K820.9,地方文献阅览室/04排/B面-05列/4层
8,爱我远安,中共远安县委宣传部编,K296,地方文献阅览室/04排/B面-02列/5层
9,爱我远安,中共远安县委宣传部编,K296,地方文献阅览室/04排/B面-02列/5层
10,八十一年人生路：胡乔木生平,鲁书月主编,K827,地方文献阅览室/05排/A面-01列/4层
11,巴楚文化,林永仁，来层林著,K296,地方文献阅览室/04排/B面-03列/1层
12,巴楚文化源流,"彭万廷,冯万林主编",K296,地方文献阅览室/04排/B面-03列/2层
13,巴地沧桑,郑子华著,K287.3,地方文献阅览室/04排/B面-02列/2层
14,巴地域研究,邓祥龙著,K287.3,地方文献阅览室/04排/B面-02列/2层
15,巴人始祖在长阳,未知,K878,地方文献阅览室/05排/A面-02列/4层
16,巴土研究．第二辑,长阳土家族自治县民族文化研究会编,K296,地方文献阅览室/04排/B面-03列/3层
17,巴土研究．第四辑,长阳土家族自治县民族文化研究会编,K296,地方文献阅览室/04排/B面-03列/3层
18,巴渝风情,王群生著,K928.7,地方文献阅览室/04排/A面-05列/3层
19,白话二十五史精选,吴树平主编,K204.1,地方文献阅览室/04排/B面-01列/1层
20,百县市经济社会调查：兴山卷,方涛等主编,K296,地方文献阅览室/04排/B面-03列/1层
21,步入辉煌：今日香港速写,奎军，董岭编著,K296,地方文献阅览室/04排/B面-02列/4层
22,沧桑二马路,李明义主编,K296,地方文献阅览室/04排/B面-04列/2层
23,曹家洲曹氏族谱,当阳淯溪河《曹家洲曹氏族谱》第八次续修委员会编著,K820.9,地方文献阅览室/04排/B面-05列/2层
24,曹廷杰文化,覃明才主编,K296,地方文献阅览室/04排/B面-04列/2层
25,车溪风情,田继明，李敏著,K928.963,地方文献阅览室/05排/A面-05列/3层
26,车溪神韵：三峡宜昌生态休闲世纪之旅,未知,K928.79,地方文献阅览室/05排/A面-05列/3层
27,楚脉千秋,刘玉堂主编,K224,地方文献阅览室/04排/B面-01列/1层
28,楚史稿,李玉洁著,K290.2,地方文献阅览室/04排/B面-02列/2层
29,楚天骄子,杨兴政著,K820.8,地方文献阅览室/04排/B面-05列/1层
30,川汉铁路在宜昌,未知,K296/,地方文献阅览室/04排/B面-03列/5层
31,传奇楚商李本忠,肖波编著,K825.3,地方文献阅览室/05排/A面-01列/1层
32,春秋,《春秋》杂志社,K2,地方文献阅览室/04排/B面-03列/1层
33,从公安走出的院士与将军,赵荣福、张艾梅主编,K826.1,地方文献阅览室/05排/A面-01列/4层
34,村落空间与民间叙事逻辑,林继富著,K287.3,地方文献阅览室/04排/B面-02列/2层
35,大美宜昌画说当阳,三峡画院编,K926.3,地方文献阅览室/05排/A面-04列/2层
36,当阳旅游百问百答,鲍传华著,K928.9,地方文献阅览室/05排/A面-05列/3层
37,当阳市革命老区发展史,当阳市老区建设促进会编,K296,地方文献阅览室/04排/B面-04列/3层
38,当阳市老区建设促进会史料汇编：1997-2007,当阳市老区建设促进会编著,K296,地方文献阅览室/04排/B面-03列/2层
39,当阳文史．第5辑：清匪反霸斗争史料专辑,中国人民政治协商会议当阳县委员会文史研究委员会编,K296,地方文献阅览室/04排/B面-02列/4层
40,当阳文史．第八辑，当阳古今(上),中国人民政治协商会议湖北省当阳市委员会文史资料委员会编,K296,地方文献阅览室/04排/B面-02列/4层
41,当阳文史．第二辑,中国人民政治协商会议当阳县委员会文史研究委员会编,K296,地方文献阅览室/04排/B面-02列/4层
42,当阳文史．第九辑，当阳古今(中),湖北省当阳市政协文史资料委员会编,K296,地方文献阅览室/04排/B面-02列/4层
43,当阳文史．第六.七辑：纪念当阳解放四十周年,中国人民政治协商会议当阳县委员会文史研究委员会编,K296,地方文献阅览室/04排/B面-02列/4层
44,当阳文史．第十二辑，麦城今昔,湖北省当阳市政协文史资料委员会编,K296,地方文献阅览室/04排/B面-02列/4层
45,当阳文史．第十辑，当阳古今(下),湖北省当阳市政协文史资料委员会编,K296,地方文献阅览室/04排/B面-02列/4层
46,当阳文史．第十六辑，当阳人民抗美援朝故实,湖北省当阳市政协文史资料委员会编,K296,地方文献阅览室/04排/B面-02列/4层
47,当阳文史．第十三辑，干溪春秋,湖北省当阳市政协文史资料委员会编,K296,地方文献阅览室/04排/B面-02列/4层
48,当阳文史．第十四辑，革命老区脚东,湖北省当阳市政协文史资料委员会编,K296,地方文献阅览室/04排/B面-02列/4层
49,当阳文史．第十五辑，当阳抗日见闻录,湖北省当阳市政协文史资料委员会编,K296,地方文献阅览室/04排/B面-02列/4层
50,当阳文史．第十一辑，赵春珊文史著作集,湖北省当阳市政协文史资料委员会编,K296,地方文献阅览室/04排/B面-02列/4层
51,当阳县志,湖北省当阳市地方志编纂委员会编纂,K296,地方文献阅览室/04排/B面-03列/2层
52,当阳赵家湖楚墓,未知,K878,地方文献阅览室/05排/A面-02列/4层
53,党和国家领导人视察宜昌,杨兴元主编,K296,地方文献阅览室/04排/B面-03列/2层
54,点军文史．第四辑,中国人民政治协商会议宜昌市点军区文史资料委员会编,K250.6,地方文献阅览室/04排/B面-01列/6层
55,点军文史．第一辑,中国人民政治协商会议宜昌市点军区文史资料委员会编,K250.6,地方文献阅览室/04排/B面-01列/6层
56,东湖县志,本书编委会著,K296,地方文献阅览室/04排/B面-02列/3层
57,东京梦华录,(宋)孟元老等著,K244.6,地方文献阅览室/04排/B面-01列/1层
58,董必武与河溶中学,周栋云，郑长英主编,K827,地方文献阅览室/05排/A面-01列/4层
59,对口支援志：1984-2004,兴山县对口支援志编纂领导小组编著,K296,地方文献阅览室/04排/B面-03列/2层
60,鄂西抗战精神：中日鄂西会战,余堃、余学新等编著,K265.06/81,地方文献阅览室/04排/B面-02列/2层
61,二十五史,董原主编,K204.1,地方文献阅览室/04排/B面-01列/1层
62,范氏合修族谱：四柱六修,范扬志编,K820.9,地方文献阅览室/04排/B面-05列/3层
63,冯氏家谱,冯氏家谱编纂委员会著,K820.9,地方文献阅览室/04排/B面-05列/2层
64,凤之舞,李逸编著,K828/,地方文献阅览室/05排/A面-01列/5层
65,付出与回报,褚玉清著,K825.2,地方文献阅览室/05排/A面-01列/1层
66,改革开放新时期中共宜昌历史专题资料：1978-2007．第一辑,未知,K296,地方文献阅览室/04排/B面-03列/5层
67,根之花：三峡文物随笔,李沂著,K872,地方文献阅览室/05排/A面-02列/2层
68,共产国际、联共(共)与中国革命档案资料丛书．第一卷，联共(布)、共产国际与中国国民革命运动(1920-1925),中共中央党史研究第一研究部译,K26,地方文献阅览室/04排/B面-01列/1层
69,构建绿色五峰,中共五峰土家族自治县委办公室编印,K296,地方文献阅览室/04排/B面-03列/1层
70,古城内外话宜昌,"王作栋,吴绪久著",K296,地方文献阅览室/04排/B面-03列/2层
71,古城商战：宜都商贸史话,宜都市政协学习和文史资料委员会编,K250.6,地方文献阅览室/04排/B面-01列/6层
72,古当阳,董乐义著,K296,地方文献阅览室/04排/B面-03列/1层
73,古建三峡,宋华久摄,K928.3,地方文献阅览室/05排/A面-05列/1层
74,古镇江口文史录,政协枝江县江口镇联络处，政协枝江县文史资料委员会编,K296,地方文献阅览室/04排/B面-02列/6层
75,官场风云—一个县官的沉浮录,刘天仁著,K828,地方文献阅览室/05排/A面-01列/5层
76,光耀新时代——2021荆楚楷模故事,中共湖北省委宣传部编,K820.8,地方文献阅览室/04排/B面-05列/1层
77,郭璞与夷陵,张忠民著,K825.5,地方文献阅览室/05排/A面-01列/2层
78,海峡两岸屈原文化论坛论文选,中共秭归县委统战部等编,K296,地方文献阅览室/04排/B面-03列/3层
79,蒿坪苏区红旗飘,张人荣著,K296,地方文献阅览室/04排/B面-03列/2层
80,贺炳炎上将支雄风录,"中共宜都市松木坪镇委员会,宜都市松木增镇人民政府编著",K825.2,地方文献阅览室/05排/A面-01列/1层
81,洪庙老区史料集,当阳市老区建设促进会编,K296,地方文献阅览室/04排/B面-03列/2层
82,湖北,崔群[等]著,K928.96,地方文献阅览室/05排/A面-04列/1层
83,湖北地名趣谈,湖北省地方志办公室编,K926,地方文献阅览室/05排/A面-04列/1层
84,湖北点军,中共宜昌市点军区委宣传部著,K296,地方文献阅览室/04排/B面-03列/2层
85,湖北革大校友情系五峰,五峰土家族自治县史志档案办公室，五峰土家族自治县民族事务委员会编,K296,地方文献阅览室/04排/B面-03列/1层
86,湖北交通图册,湖北省测绘局编制,K992,地方文献阅览室/05排/A面-04列/1层
87,湖北旅游景观鉴赏辞典,游先胜，曹祥本主编,K9-61,地方文献阅览室/05排/A面-03列/4层
88,湖北省城镇概况：1986,未知,K928.2,地方文献阅览室/05排/A面-04列/1层
89,湖北省当阳县地名志,当阳县地名领导小组编,K296,地方文献阅览室/04排/B面-02列/3层
90,湖北省五峰县地名志,五峰县地名领导小组编,K296,地方文献阅览室/04排/B面-02列/3层
91,湖北省宜昌市伍家岗区地名文化故事,王辉主编,K926.3,地方文献阅览室/05排/A面-04列/2层
92,湖北省宜昌市伍家岗区地名志,《湖北省宜昌市伍家岗区地名志》编纂委员会[编],K926.3,地方文献阅览室/05排/A面-04列/2层
93,湖北省宜昌县地名志,宜昌县地名领导小组编,K296,地方文献阅览室/04排/B面-02列/3层
94,湖北省宜都县地名志,宜都县地名领导小组编,K296,地方文献阅览室/04排/B面-02列/3层
95,湖北省枝江县地名志,枝江县地名领导小组编,K296,地方文献阅览室/04排/B面-02列/3层
96,湖北省志：财政,湖北省地方志编纂委员会编,K296,地方文献阅览室/04排/B面-02列/4层
97,湖北省秭归县地名志,秭归县地名领导小组编,K296,地方文献阅览室/04排/B面-02列/3层
98,虎将贺炳炎：开国上将贺炳炎纪念文集,"贺雷生,明建中著",K825.2,地方文献阅览室/05排/A面-01列/1层
99,虎牙山：猇亭古兵塞,胡学林编著,K928.7,地方文献阅览室/05排/A面-05列/2层
100,话说枝江：枝江文苑特辑,蒋杏等主编,K296,地方文献阅览室/04排/B面-03列/1层
101,黄帝正妃嫘祖,曾继全著,K210.7,地方文献阅览室/04排/B面-01列/1层
102,黄陵庙通考,"黄世堂,杨建章著",K928.9,地方文献阅览室/05排/A面-05列/3层
103,黄钟大吕歌楚魂—古代屈原戏注评,吴柏森著,K825.6,地方文献阅览室/05排/A面-01列/3层
104,魂兮归来：六十二问话屈原,郑承志编著,K825.6,地方文献阅览室/05排/A面-01列/3层
105,火炬在山乡燃烧：师德楷模郑琦,"寒青,遥厚著",K825.4,地方文献阅览室/05排/A面-01列/2层
106,见证枝江工业历程,"枝江市政协文史资料委员会,枝江市经济和信息化局著",K296,地方文献阅览室/04排/B面-03列/3层
107,江汉地区先秦文明,"湖北省博物馆,宜昌博物馆编著",K871.1,地方文献阅览室/05排/A面-02列/1层
108,蒋介石,钟器声,K827.5,地方文献阅览室/05排/A面-01列/4层
109,解码三国,殷坤著,K236,地方文献阅览室/04排/B面-01列/1层
110,今日宜昌,曾勇主编,K296,地方文献阅览室/04排/B面-03列/1层
111,金秋创辉煌,宜昌市老科技工作者协会著,K825,地方文献阅览室/05排/A面-01列/1层
112,荆楚地理,李长安著,K926,地方文献阅览室/05排/A面-04列/1层
113,荆楚佛寺道观,孙君恒编著,K928.75,地方文献阅览室/05排/A面-05列/2层
114,荆楚古城风貌,刘森淼编著,K928.5,地方文献阅览室/05排/A面-05列/2层
115,荆楚古代史话,吴成国，张敏编著,K296,地方文献阅览室/04排/B面-04列/2层
116,荆楚古墓揭秘,尹弘兵，黄莹编著,K878,地方文献阅览室/05排/A面-02列/4层
117,荆楚古镇沧桑,李百浩，刘炜编著,K926,地方文献阅览室/05排/A面-04列/1层
118,荆楚建制沿革,罗运环[等]著,K928.2,地方文献阅览室/05排/A面-05列/1层
119,荆楚民间风俗,桂胜，张友云编著,K892.4,地方文献阅览室/05排/A面-03列/2层
120,荆楚民族,田敏著,K280.6,地方文献阅览室/04排/B面-02列/2层
121,荆楚名楼揽胜,万艳华编著,K928.7,地方文献阅览室/05排/A面-05列/2层
122,荆楚名山,明剑玲，明幼芳编著,K928.3,地方文献阅览室/05排/A面-05列/1层
123,荆楚名胜概览,徐世康主编,K928.7,地方文献阅览室/05排/A面-05列/3层
124,荆楚名水,王峰，吴艳荣编著,K928.4,地方文献阅览室/05排/A面-05列/1层
125,荆楚社会生活,姚伟钧，郑玉东编著,K296,地方文献阅览室/04排/B面-04列/1层
126,荆楚史学,彭忠德，曾育荣著,K296,地方文献阅览室/04排/B面-04列/2层
127,荆楚文明曙光,刘玉堂，张硕编著,K296,地方文献阅览室/04排/B面-04列/2层
128,荆楚文物奇观,万全文，院文清编著,K872,地方文献阅览室/05排/A面-02列/2层
129,荆楚现代史话,方城，张肇俊编著,K296,地方文献阅览室/04排/B面-03列/5层
130,荆门雄风,欧阳运森著,K928.9,地方文献阅览室/05排/A面-05列/3层
131,荆山楚水的民俗与旅游,萧放著,K928.9,地方文献阅览室/05排/A面-03列/2层
132,荆州府志,来谦鸣总裁,K296,地方文献阅览室/04排/B面-03列/5层
133,沮江随笔：远安文史资料第十九辑,清.朱锡绶著,K296,地方文献阅览室/04排/B面-03列/3层
134,沮漳忠魂,中共当阳县委党史办公室等编,K926,地方文献阅览室/05排/A面-04列/1层
135,绝代昭君村,冯绪旋著,K928.79,地方文献阅览室/05排/A面-05列/3层
136,抗日战争时期宜昌人口伤亡和财产损失,中共宜昌市党史办公室编著,K265,地方文献阅览室/04排/B面-02列/1层
137,兰台春秋：宜昌市城建档案馆建馆三十周年,孟炜炜著,K296,地方文献阅览室/04排/B面-03列/5层
138,老宜昌：往事并不如烟,李沂著,K296,地方文献阅览室/04排/B面-04列/1层
139,嫘祖文化圣地.远安,远安县政协文化文史和学习委员会,K296,地方文献阅览室/04排/B面-04列/2层
140,礼行天下：宜昌市民文明礼仪手册,中共宜昌市委宣传部等编,K892.2,地方文献阅览室/05排/A面-03列/1层
141,李来亨抗清在兴山,兴山县档案局（史志办）编,K296,地方文献阅览室/04排/B面-04列/1层
142,李氏族谱,李万寿主编,K820.9,地方文献阅览室/04排/B面-05列/3层
143,林海风云：中共远安县党史资料第二集,中共远安县委党史办公室编,K296,地方文献阅览室/04排/B面-02列/6层
144,留根报告——中国民俗志.湖北宜昌市卷：中国民间文化遗产抢救工程,湖北省宜昌市文学艺术界联合会湖北省宜昌市民间文艺家协会,K892.4,地方文献阅览室/05排/A面-03列/2层
145,龙舟坪镇志,长阳土家族自治县地方志办公室著,K296,地方文献阅览室/04排/B面-03列/3层
146,名疆古地话长阳,戴曾群编著,K926,地方文献阅览室/05排/A面-04列/1层
147,明朝那些事儿．第叁部，妖孽宫廷,当年明月著,K248,地方文献阅览室/04排/B面-01列/2层
148,明末宰相文安之,《明末宰相文安之》编委会编,K296,地方文献阅览室/04排/B面-04列/2层
149,欧阳修遗迹寻踪,李泉主编,K878,地方文献阅览室/05排/A面-02列/4层
150,欧阳修轶事,释根定主编,K825.6,地方文献阅览室/05排/A面-01列/3层
151,欧阳修在夷陵,马治安著,K825.6,地方文献阅览室/05排/A面-01列/3层
152,平安快乐游三峡,秦惠基编著,K928.96,地方文献阅览室/05排/A面-05列/3层
153,千年镇蛟：长江水文化研究,黄权生著,K928.4,地方文献阅览室/05排/A面-05列/1层
154,青林寺礼生,赵兴寿编著,K892.2,地方文献阅览室/05排/A面-03列/1层
155,清江风雷,中共长阳土家族自治县委党史办公室，长阳土家族自治县老区建设办公室编,K260.1,地方文献阅览室/04排/B面-02列/1层
156,清军剿捕白莲教农民正义宜都首义军史料汇编,明建中主编,K249.201,地方文献阅览室/04排/B面-01列/2层
157,情系三峡,成都地图出版社著,K928.9,地方文献阅览室/05排/A面-05列/3层
158,屈学问题综论,谭家斌著,K825.6,地方文献阅览室/05排/A面-01列/3层
159,屈原,王洪柳著,K825.6,地方文献阅览室/05排/A面-01列/3层
160,屈原,郭维森著,K825.6,地方文献阅览室/05排/A面-01列/3层
161,屈原·秭归,郑和昌主编,K928.7,地方文献阅览室/05排/A面-05列/2层
162,屈原的故乡：楚文化特展图录,陈永源主编,K871.4,地方文献阅览室/05排/A面-02列/1层
163,屈原故里端午习俗,黄贞进编著,K892.1,地方文献阅览室/05排/A面-03列/1层
164,屈原故里新秭归,湖北省秭归县旅游局编,K928.9,地方文献阅览室/05排/A面-05列/2层
165,屈原故里秭归,王健强著,K928.7,地方文献阅览室/05排/A面-05列/3层
166,屈原廉政文化荟萃,谭家斌著,K825.6,地方文献阅览室/05排/A面-01列/3层
167,屈原文化：2007,周凌云主编,K296,地方文献阅览室/04排/B面-03列/2层
168,屈原文化：2008,周凌云主编,K296,地方文献阅览室/04排/B面-03列/2层
169,屈原与《离骚》研究,李哮沛著,K825.6,地方文献阅览室/05排/A面-01列/3层
170,日寇在宜昌,宜昌市城市建设档案馆著,K296,地方文献阅览室/04排/B面-03列/5层
171,软禁在土家族地区的铁将军：叶挺在鄂西,赵冬菊著,K825.2,地方文献阅览室/05排/A面-01列/1层
172,三江在远安,政协远安县委员会文史委编,K296,地方文献阅览室/04排/B面-04列/1层
173,三峡,《中国旅游指南》编委会编,K928.9,地方文献阅览室/05排/A面-05列/1层
174,三峡·宜昌,"中共宜昌市委宣传部,宜昌市社会科学界联合会编",K296,地方文献阅览室/04排/B面-02列/4层
175,三峡车溪民俗风景区资料汇编,宜昌市三峡旅游文化研究会编,K928.7,地方文献阅览室/05排/A面-05列/2层
176,三峡大观,长江流域规划办公室编,K928.7,地方文献阅览室/05排/A面-05列/3层
177,三峡风：第二届中国湖北三峡艺术节、首届长江三峡国际龙舟拉力赛纪实,柳定祥主编,K296,地方文献阅览室/04排/B面-02列/4层
178,三峡风景,"张寿懋,刘兴诗,何贤杰等编著",K928.9,地方文献阅览室/05排/A面-05列/3层
179,三峡风物,湖北省宜昌市文艺创作室《三峡风物》编写组编,K928.7,地方文献阅览室/03排/B面-04列/4层
180,三峡环线游,"刘寿如,卢定宇编著",K928.9,地方文献阅览室/05排/A面-05列/3层
181,三峡黄牛岩旅游导读,宜昌黄牛岩生态旅游开发有限公司著,K928.79,地方文献阅览室/05排/A面-05列/3层
182,三峡景观传说美寻,邓新华，张道葵编著,K928.7,地方文献阅览室/05排/A面-05列/2层
183,三峡旧影,陈池春著,K928.70,地方文献阅览室/05排/A面-05列/1层
184,三峡考古文化,杨华著,K872.710.4,地方文献阅览室/05排/A面-02列/2层
185,三峡旅伴,吕红文著,K928.7,地方文献阅览室/05排/A面-05列/2层
186,三峡旅友：2000年试刊第1.2期合刊,高潮主编,K928.70,地方文献阅览室/05排/A面-05列/2层
187,三峡旅友：2001年总第4期,高潮主编,K928.70,地方文献阅览室/05排/A面-05列/2层
188,三峡名人,常立柱主编,K820.8,地方文献阅览室/04排/B面-05列/1层
189,三峡名人．续集,宜昌市炎黄文化研究会编,K820.8,地方文献阅览室/04排/B面-05列/1层
190,三峡史海钩沉录,袁在平，龚兴华著,K297,地方文献阅览室/04排/B面-04列/4层
191,三峡颂,杨尚聘主编,K296,地方文献阅览室/04排/B面-02列/4层
192,三峡文化研究：第八辑,胡绍华主编,K297,地方文献阅览室/04排/B面-04列/4层
193,三峡文荟,未知,K928.9,地方文献阅览室/05排/A面-05列/3层
194,三峡宜昌考古与文物,王家德、王欢著,K87,地方文献阅览室/05排/A面-02列/1层
195,三峡宜昌专家成果荟萃,柯言著,K820.8,地方文献阅览室/04排/B面-05列/1层
196,三峡游,未知,K928.9,地方文献阅览室/05排/A面-05列/3层
197,三峡纵横谈,"杨明俊,刘涛著",K928.９,地方文献阅览室/05排/A面-05列/3层
198,三线建设在宜昌,宜昌市政协文史资料委员会编,K296,地方文献阅览室/04排/B面-04列/1层
199,三游洞资料专辑,宜昌市群众艺术馆著,K928.70,地方文献阅览室/05排/A面-05列/2层
200,山城精英,中共兴山县委党史办公室编,K820,地方文献阅览室/04排/B面-04列/1层
201,山西文史资料,中国人民政治协商会议山西省委员会文史资料研究委员会编,K250.6,地方文献阅览室/04排/B面-01列/5层
202,上海，我的1949,徐锦江主编,K295,地方文献阅览室/04排/B面-03列/2层
203,上将贺炳炎,湖北省宜都市党史地方志办公室著,K296,地方文献阅览室/04排/B面-03列/2层
204,社会主义时期中共宜昌县历史专题资料：1949-1995．第一辑,中共宜昌县委史志办公室编,K296,地方文献阅览室/04排/B面-02列/6层
205,深山明珠五峰：五峰土家族自治县十周年纪念,"五峰土家族自治县县委宣传部,五峰土家族自治县文化局编",K296,地方文献阅览室/04排/B面-03列/2层
206,神秘的三江源之旅,陈进著,K928.4,地方文献阅览室/05排/A面-05列/1层
207,神农架揽胜,周学森，薛晋玉著,K928.7,地方文献阅览室/05排/A面-05列/2层
208,神农架探奇,毛振华著,K928.9,地方文献阅览室/05排/A面-05列/3层
209,神奇三峡：珍藏古三峡品味新三峡,张立先著,K928.4,地方文献阅览室/05排/A面-05列/1层
210,失落的文明,《失落的文明》编委会编,K12,地方文献阅览室/05排/A面-02列/1层
211,诗画三峡,宋华久摄,K928.4,地方文献阅览室/05排/A面-05列/1层
212,石牌神韵,田继明著,K928.9,地方文献阅览室/05排/A面-05列/3层
213,时代追踪：宜昌市伍家岗区文史资料．第一辑,宜昌市伍家岗区政协文史资料委员会编,K296,地方文献阅览室/04排/B面-03列/3层
214,史记,未知,K204.2,地方文献阅览室/04排/B面-01列/1层
215,史记笺证,韩兆琦编著,K204.2,地方文献阅览室/04排/B面-01列/1层
216,史志编辑手册,湖北省纺织志编辑室编,K29,地方文献阅览室/04排/B面-03列/5层
217,世纪迁徙：兴山新县城落成庆典专辑,中共兴山县委等编,K296,地方文献阅览室/04排/B面-03列/2层
218,寿世堂·李氏族谱,李青怀主编,K820.9,地方文献阅览室/04排/B面-05列/3层
219,水经注疏補．上编,本书编委会著,K928.4,地方文献阅览室/05排/A面-05列/1层
220,水位139米,王以培著,K928.7,地方文献阅览室/05排/A面-05列/2层
221,司马族谱：清.同治四年第三次编修公元二0一八年十二月再版,湖北公安司马宗亲总会编,K820.9,地方文献阅览室/04排/B面-05列/4层
222,松滋古碑拓存,黄振亚主编,K877,地方文献阅览室/05排/A面-02列/3层
223,他们仨：电子商务领域三大创业偶像的成功宝典,张棽荣著,K825,地方文献阅览室/04排/B面-05列/1层
224,太阳底下最美好的事业：“师德楷模”郑琦的故事,李蒙执笔,K825.4,地方文献阅览室/05排/A面-01列/2层
225,覃氏光裕堂宗谱,未知,K820.9,地方文献阅览室/04排/B面-05列/2层
226,腾飞的宜昌：纪念中华人民共和国成立六十周年,宜昌市发展和改革委员会著,K296,地方文献阅览室/04排/B面-03列/1层
227,天南海北兴山人,政协兴山县文史资料委员会编,K250.6,地方文献阅览室/04排/B面-01列/6层
228,贴心民政周国知,源北省民政厅编,K828,地方文献阅览室/05排/A面-01列/5层
229,铁军战士李永发,"当阳市史志办公室,宜昌市新四军研究会当阳联络组著",K296,地方文献阅览室/04排/B面-03列/3层
230,图说宜昌两千年,李泉著,K296,地方文献阅览室/04排/B面-03列/2层
231,土家族非物质文化遗产研究,"黄柏权,田永红著",K287.3,地方文献阅览室/04排/B面-02列/2层
232,土家族风俗志,杨昌鑫编,K892.3,地方文献阅览室/05排/A面-03列/1层
233,土家族撒叶儿嗬,胡世春等著,K287.3,地方文献阅览室/04排/B面-02列/2层
234,瓦仓风云录,杨卫华著,K291,地方文献阅览室/04排/B面-02列/2层
235,瓦仓起义史料集,当阳市老区建设促进会编,K263,地方文献阅览室/04排/B面-02列/1层
236,万世忠魂：屈原精神与三峡文化,"文成国,刘克刚主编",K825.6,地方文献阅览室/05排/A面-01列/3层
237,王昭君故事的传承与嬗变,张文德著,K827,地方文献阅览室/05排/A面-01列/4层
238,王昭君及其故里,湖北省兴山县文化馆编,K296,地方文献阅览室/04排/B面-02列/5层
239,巍巍汉阳树：记怀清斋主人张仁芬,张昌德、张昌万等编著,Ｋ825.4,地方文献阅览室/05排/A面-01列/2层
240,文化当阳,《文化当阳》编委会编,K296,地方文献阅览室/04排/B面-04列/3层
241,文化宜昌,《文化宜昌》编委会编,K296,地方文献阅览室/04排/B面-04列/3层
242,文明之旅,"(美)萨普斯(K.,Supples)等编写",K103,地方文献阅览室/04排/A面-05列/2层
243,文史留痕,"刘学新,申义盛主编",K296,地方文献阅览室/04排/B面-03列/2层
244,我们的父亲杜祯祥,杜长江编著,K828,地方文献阅览室/05排/A面-01列/5层
245,卧龙深处话孔明,晋宏忠著,K827.3,地方文献阅览室/05排/A面-01列/4层
246,吾生四季,徐时成著,K828,地方文献阅览室/05排/A面-01列/5层
247,五峰概况,《五峰概况》编写组主编,K296,地方文献阅览室/04排/B面-02列/4层
248,五峰革命斗争史料汇编,"周世祥,叶厚全著",K296.01,地方文献阅览室/04排/B面-04列/4层
249,五峰群英谱,万佩华主编,K820.8,地方文献阅览室/04排/B面-05列/1层
250,五峰土家族自治县概况,五峰土家族自治县概况编写组编,K296,地方文献阅览室/04排/B面-02列/4层
251,五峰土家族自治县革命老区发展史,五峰土家族县老区建设促进会编,K296,地方文献阅览室/04排/B面-04列/3层
252,五峰文史资料．第14辑，五峰抗战,《五峰抗战》文史资料编委会编,K296,地方文献阅览室/04排/B面-02列/5层
253,五峰文史资料．第二辑,政协五峰文史委员会编,K296,地方文献阅览室/04排/B面-02列/5层
254,五峰文史资料．第三辑,政协五峰文史委员会编,K296,地方文献阅览室/04排/B面-02列/5层
255,五峰文史资料．第五辑，渔洋关专辑,政协五峰土家自治县委员会文史资料委员会渔洋关镇联络组编,K296,地方文献阅览室/04排/B面-02列/5层
256,五峰文史资料．第一辑,政协五峰文史委员会编,K296,地方文献阅览室/04排/B面-02列/5层
257,五峰县志,湖北省五峰土家族自治县地方志编纂委员会编纂,K296,地方文献阅览室/04排/B面-03列/1层
258,伍家岗年鉴·简明伍家岗情手册．2009,宜昌市伍家岗区地方志编纂委员会办公室著,K396,地方文献阅览室/04排/B面-03列/2层
259,伍家岗区大事记．1986--2007,"宜昌市伍家岗区地方志办公室,宜昌市伍家岗区档案局著",K296,地方文献阅览室/04排/B面-03列/2层
260,伍家岗区志：1986～2005,宜昌市伍家岗区地方志编纂委员会著,K296,地方文献阅览室/04排/B面-03列/2层
261,伍家岗区专题编研资料汇集,宜昌市伍家岗区档案馆编,K296,地方文献阅览室/04排/B面-03列/2层
262,武当山,汪传树等摄,K928.75,地方文献阅览室/05排/A面-05列/1层
263,武落钟离山考,张希周编著,K296,地方文献阅览室/04排/B面-03列/1层
264,勿忘历史,谭传树主编,K296,地方文献阅览室/04排/B面-02列/6层
265,西坝街道志,《西坝街道志》编纂委员会编,K296,地方文献阅览室/04排/B面-04列/3层
266,西陵区志：1987-2003,姚维启著,K296,地方文献阅览室/04排/B面-03列/5层
267,西陵文史：人物篇,张帮寸著,K296,地方文献阅览室/04排/B面-03列/3层
268,西陵峡明珠香溪,郑邦清主编,K296,地方文献阅览室/04排/B面-03列/1层
269,峡谷风情录,赵鉴新等编,K892.4,地方文献阅览室/05排/A面-03列/2层
270,峡口明珠：宜昌市,《中国城市百科丛书.宜昌市》编辑组编,K296,地方文献阅览室/04排/B面-02列/4层
271,峡口镇志1949-2003,未知,K296,地方文献阅览室/04排/B面-03列/5层
272,香港大事记：公元前214年-公元1987年,李宏编,K296,地方文献阅览室/04排/B面-02列/6层
273,香炉石：我国早期巴文化遗址的发现与研究,王善才著,K878,地方文献阅览室/05排/A面-02列/4层
274,襄西解放史稿,中共宜昌市委党史办，湖北省襄西革命史研究会编,K296,地方文献阅览室/04排/B面-03列/1层
275,襄西抗日民主根据地人物与资料,《襄西抗日根据地人物与资料》编审组编,K296,地方文献阅览室/04排/B面-02列/4层
276,消逝的村庄,宜昌市伍家岗区政协学习文史委员会编,K296,地方文献阅览室/04排/B面-04列/1层
277,猇亭史话.农业,宜昌市猇亭区政协文史委员会编,K296,地方文献阅览室/04排/B面-04列/2层
278,小峰县棺,黄世堂著,K928.6,地方文献阅览室/05排/A面-05列/2层
279,孝子岩史话,陈襄阳李兴慧主编,K928.7,地方文献阅览室/05排/A面-05列/2层
280,辛勤耕耘：宜昌博物馆二十年纪念文集,宜昌博物馆编著,K872,地方文献阅览室/05排/A面-02列/2层
281,新编《远安县志》评介文辑,远安县地方志办公室编,K296,地方文献阅览室/04排/B面-02列/6层
282,新编人文地理学,"曹诗图,孙天胜编著",K901,地方文献阅览室/05排/A面-03列/4层
283,新编文史笔记丛书．第二辑,萧乾主编,K206.6,地方文献阅览室/04排/B面-02列/2层
284,新三峡旅游指南,李秀章主编,K928.7,地方文献阅览室/05排/A面-05列/2层
285,新时代的“刘胡兰”,中共湖北省宜昌地委宣传部编,K828,地方文献阅览室/05排/A面-01列/5层
286,新四军老战士在宜昌,杨兴元主编,K825.2,地方文献阅览室/05排/A面-01列/1层
287,新滩文史资料．第二辑,未知,K296,地方文献阅览室/04排/B面-02列/5层
288,新中国五十年宜昌县大事记,中共宜昌县委史志办公室编,K296,地方文献阅览室/04排/B面-03列/1层
289,星河灿烂：政协委员风采,政协西陵区委员会文史资料委员会编,K250.6,地方文献阅览室/04排/B面-01列/6层
290,兴山民俗,冯骏祥主编,K892.4,地方文献阅览室/05排/A面-03列/2层
291,兴山人民革命史：1926-1949,中共兴山县委党史资料征集编研委员会办公室编],K296,地方文献阅览室/04排/B面-02列/5层
292,兴山文史资料．第10辑，兴山抗战纪实,中国人民政治协商会议湖北省兴山县委员会文史资料委员会编,K296,地方文献阅览室/05排/A面-01列/2层
293,兴山文史资料．第二辑,政协兴山县委员会文史资料委员会编,K296,地方文献阅览室/04排/B面-02列/5层
294,兴山文史资料．第九辑,政协兴山县委员会文史资料委员会编,K296,地方文献阅览室/04排/B面-02列/5层
295,兴山文史资料．第四辑，百年人物选录,政协兴山县委员会文史资料委员会编,K296,地方文献阅览室/04排/B面-02列/5层
296,兴山文史资料．第一辑,政协兴山县委员会文史资料委员会编,K296,地方文献阅览室/04排/B面-02列/5层
297,兴山县地名志,湖北省兴山县地名领导小组编,K296,地方文献阅览室/04排/B面-02列/3层
298,兴山县革命老区发展史,兴山县老区建设促进会编,K296,地方文献阅览室/04排/B面-04列/3层
299,兴山县志,兴山县地方志编纂委员会编,K296,地方文献阅览室/04排/B面-01列/1层
300,雄风骄子宜昌来,杨兴政编著,K820.7,地方文献阅览室/04排/B面-05列/1层
301,寻访宜昌抗战老兵,郑泽金，吴建勋主编,K265.06,地方文献阅览室/04排/B面-02列/2层
302,鸦鹊岭镇志：1840-2005,《鸦鹊岭镇志》编纂委员会著,K296,地方文献阅览室/04排/B面-03列/2层
303,岩历与史前文明,"杨超,刘五一著",K879,地方文献阅览室/05排/A面-02列/4层
304,杨守敬研究初编,郑务本主编,K825.8,地方文献阅览室/05排/A面-01列/3层
305,洋人旧事：讲述百年前发生在宜昌的故事,李明义著,K812.5,地方文献阅览室/04排/B面-04列/5层
306,仰山集,郑务本著,K825.8,地方文献阅览室/05排/A面-01列/3层
307,一方水土：枝江风土人情荟萃,张道清主编,K296,地方文献阅览室/04排/B面-03列/1层
308,一看就懂的夏商西周史,刘刚著,K222,地方文献阅览室/04排/B面-04列/1层
309,医林深处：一个大夫和她的足疗诊所,宣文英，王麟著,K826.2,地方文献阅览室/05排/A面-01列/4层
310,夷陵老一辈,中共宜昌县《夷陵老一辈》编辑组编辑,K820.8,地方文献阅览室/04排/B面-05列/1层
311,夷陵区文史资料．第二辑，纪念抗美援朝战争胜利五十周年专辑（下）,中国人民政治协商会议宜昌市夷陵区委员会文史资料委员会编,K250.6,地方文献阅览室/04排/B面-01列/5层
312,夷陵区文史资料．第二十一辑，夷陵国宝,王世荣编,K250.6,地方文献阅览室/04排/B面-01列/6层
313,夷陵区文史资料．第六辑，为了新中国,王世荣编,K250.6,地方文献阅览室/04排/B面-01列/5层
314,夷陵区文史资料．第七辑，政协委员风采录,中国人民政治协商会议宜昌市夷陵区委员会文史资料委员会编,K250.6,地方文献阅览室/04排/B面-01列/6层
315,宜昌（彝陵天台观）龙氏族谱,龙德润,K820.9,地方文献阅览室/04排/B面-05列/3层
316,宜昌博物馆馆藏文物图录．书画卷,宜昌博物馆编,K872,地方文献阅览室/05排/A面-02列/2层
317,宜昌博物馆馆藏文物图录．陶瓷卷,宜昌博物馆编,K872,地方文献阅览室/05排/A面-02列/2层
318,宜昌博物馆馆藏文物图录．铜器卷,宜昌博物馆编,K872,地方文献阅览室/05排/A面-02列/2层
319,宜昌博物馆馆藏文物图录．宗教民俗卷,宜昌博物馆编,K872,地方文献阅览室/05排/A面-02列/2层
320,宜昌博物馆文物精粹,宜昌博物馆编,K872,地方文献阅览室/05排/A面-02列/2层
321,宜昌城史话,杨尚聘著,K296,地方文献阅览室/04排/B面-04列/3层
322,宜昌城市社会变迁史,李敏昌主编,K296,地方文献阅览室/04排/B面-04列/2层
323,宜昌传统村落,李泉主编,K926,地方文献阅览室/05排/A面-04列/1层
324,宜昌春秋：一,傅廷炬主编,K296,地方文献阅览室/04排/B面-03列/1层
325,宜昌大撤退图文志：1938中国的“敦刻尔克”,宜昌市地方志办公室编,K265.06,地方文献阅览室/04排/B面-02列/1层
326,宜昌地区简志：1949-1984,湖北省宜昌地区地方志编纂委员会编,K296,地方文献阅览室/04排/B面-02列/3层
327,宜昌革命遗址,宜昌市老区建设促进会编,K878,地方文献阅览室/05排/A面-02列/4层
328,宜昌抗战史料汇编．第三卷，宜昌抗战各县史料选编,未知,K265.06,地方文献阅览室/04排/B面-02列/1层
329,宜昌抗战史料选编．报刊资料,王大发总主编,K265.06,地方文献阅览室/04排/B面-02列/1层
330,宜昌抗战史料选编：纪念中国人民抗日战争暨世界反法西斯战争胜利70周年专辑,宜昌市政协文史资料委员会编,K265.06,地方文献阅览室/04排/B面-02列/1层
331,宜昌抗战研究文集,李亚隆主编,K265,地方文献阅览室/04排/B面-02列/1层
332,宜昌历史述要,"刘开美,李发刚主编",K296,地方文献阅览室/04排/B面-03列/2层
333,宜昌旅游交通图,湖北省地图院编,K928.9,地方文献阅览室/05排/A面-05列/2层
334,宜昌旅游指南,李子华，刘少华等编著,K928.7,地方文献阅览室/05排/A面-05列/2层
335,宜昌民间文艺家,《宜昌民间文艺家》编委会编,K825.6,地方文献阅览室/05排/A面-01列/3层
336,宜昌民俗风情,王作栋主编,K892.4,地方文献阅览室/05排/A面-03列/2层
337,宜昌名流,宜昌地方志办公室编,K296,地方文献阅览室/04排/B面-02列/4层
338,宜昌摩崖碑刻,蔡建国主编,K877,地方文献阅览室/05排/A面-02列/3层
339,宜昌区划与地名,"宜昌市地名委员会,宜昌市民政局著",K396,地方文献阅览室/04排/B面-03列/2层
340,宜昌三峡旅游指南,宜昌市旅游局著,K928.7,地方文献阅览室/05排/A面-05列/2层
341,宜昌生活地图册,《宜昌生活地图册》编辑委员会编,K992.5,地方文献阅览室/05排/A面-05列/2层
342,宜昌市城郊农村信用合作社志：1952-2008,宜昌市城郊农村信用合作联社著,K296,地方文献阅览室/04排/B面-03列/2层
343,宜昌市导游,李华章等编著,K928.7,地方文献阅览室/05排/A面-05列/2层
344,宜昌市地方志资料选编．第二辑,宜昌市地方志编纂委员会办公室编,K296,地方文献阅览室/04排/B面-02列/3层
345,宜昌市地方志资料选编．第六辑,宜昌市地方志编纂委员会办公室编,K296,地方文献阅览室/04排/B面-02列/3层
346,宜昌市地方志资料选编．第七辑,宜昌市地方志编纂委员会办公室编,K296,地方文献阅览室/04排/B面-02列/3层
347,宜昌市地方志资料选编．第三辑,宜昌市地方志编纂委员会办公室编,K296,地方文献阅览室/04排/B面-02列/3层
348,宜昌市地方志资料选编．第四辑,宜昌市地方志编纂委员会办公室编,K296,地方文献阅览室/04排/B面-02列/3层
349,宜昌市地方志资料选编．第五辑,宜昌市地方志编纂委员会办公室编,K296,地方文献阅览室/04排/B面-02列/3层
350,宜昌市革命斗争大事记：1921-1949,中共宜昌市委党史资料征集编研委员会办公室编,K260.1,地方文献阅览室/04排/B面-02列/1层
351,宜昌市文史资料．第八辑,中国人民政治协商会议宜昌市委员会文史资料研究委员会编,K250.6,地方文献阅览室/04排/B面-01列/3层
352,宜昌市文史资料．第二辑,中国人民政治协商会议宜昌市委员会文史资料研究会编,K250.6,地方文献阅览室/04排/B面-01列/3层
353,宜昌市文史资料．第二十二辑，宜昌旅游史话,宜昌市政协文史资料委员会编,K250.6,地方文献阅览室/04排/B面-01列/3层
354,宜昌市文史资料．第二十辑：宜昌五十年回眸,中国人民政治协商会议宜昌市委员会文史资料研究会编,K250.6,地方文献阅览室/04排/B面-01列/3层
355,宜昌市文史资料．第二十三辑，长江中游旅游文化,政协宜昌市委员会学习文史委员会编,K250.6,地方文献阅览室/04排/B面-01列/3层
356,宜昌市文史资料．第二十四辑，宜昌革命老区,宜昌市政协文史资料委员会编,K250.6,地方文献阅览室/04排/B面-01列/4层
357,宜昌市文史资料．第二十一辑：三峡文史纵横第二辑,政协宜昌市委员会文史资料委员会编,K250.6,地方文献阅览室/04排/B面-01列/3层
358,宜昌市文史资料．第九辑,中国人民政治协商会议湖北省宜昌市委员会文史资料委员会编,K250.6,地方文献阅览室/04排/B面-01列/3层
359,宜昌市文史资料．第七辑,中国人民政治协商会议宜昌市委员会文史资料研究委员会编,K250.6,地方文献阅览室/04排/B面-01列/3层
360,宜昌市文史资料．第十辑,中国人民政治协商会议宜昌市委员会文史资料研究委员会编,K250.6,地方文献阅览室/04排/B面-01列/3层
361,宜昌市文史资料．第十九辑：三峡文史纵横,政协宜昌市委员会学习文史委员会编,K250.6,地方文献阅览室/04排/B面-01列/3层
362,宜昌市文史资料．第十一辑,中国人民政治协商会议宜昌市委员会文史资料研究会编,K250.6,地方文献阅览室/04排/B面-01列/3层
363,宜昌市文史资料．第五辑,中国人民政治协商会议宜昌市委员会文史资料研究委员会编,K250.6,地方文献阅览室/04排/B面-01列/3层
364,宜昌市文史资料．第一辑,中国人民政治协商会议宜昌市委员会文史资料研究会编,K250.6,地方文献阅览室/04排/B面-01列/3层
365,宜昌市文史资料．总第二十八辑：宜昌开埠旧影,中国人民政治协商会议宜昌市委员会文史资料委员会编,K250.6,地方文献阅览室/04排/B面-01列/4层
366,宜昌市文史资料．总第二十九辑，宜昌建设履痕,政协宜昌市委员会文史资料委员会编,K250.6,地方文献阅览室/04排/B面-01列/4层
367,宜昌市文史资料．总第二十六辑：三峡文史纵横第三辑,政协宜昌市委员会学习文史委员会编,K250.6,地方文献阅览室/04排/B面-01列/4层
368,宜昌市文史资料．总第二十七辑：宜昌抗战图集,中国人民政治协商会议宜昌市委员会文史资料委员会编,K250.6,地方文献阅览室/04排/B面-01列/4层
369,宜昌市文史资料．总第二十五辑：杨守敬学术年谱,中国人民政治协商会议宜昌市委员会文史资料委员会编,K250.6,地方文献阅览室/04排/B面-01列/4层
370,宜昌市文史资料．总第三十二辑：宜昌民俗大观,政协宜昌市委员会文史资料委员会著,K250.6,地方文献阅览室/04排/B面-01列/4层
371,宜昌市文史资料．总第三十辑，三峡文史纵横第四辑,政协宜昌市委员会学习文史委员会编,K250.6,地方文献阅览室/04排/B面-01列/4层
372,宜昌市文史资料．总第三十三辑：宜昌辛亥百年风云,中国人民政治协商会议宜昌市委员会文史资料委员会编,K250.6,地方文献阅览室/04排/B面-01列/5层
373,宜昌市文史资料．总第三十一辑，记忆宜昌老工业,政协宜昌市委员会学习文史委员会编,K250.6,地方文献阅览室/04排/B面-01列/4层
374,宜昌市文史资料．总第十七辑：宜昌老字号,中国人民政治协商会议宜昌市委员会文史资料委员会编,K250.6,地方文献阅览室/04排/B面-01列/3层
375,宜昌市伍家岗区标准地名图集,宜昌市伍家岗区民政局长江水利委员会长江科学院编,K992.26,地方文献阅览室/05排/A面-05列/4层
376,宜昌市乡镇概览,宜昌市人民政府办公室，宜昌市政府地方志办公室编,K296,地方文献阅览室/04排/B面-03列/1层
377,宜昌市夷陵区革命老区发展史,宜昌市夷陵区老区建设促进会编,K296,地方文献阅览室/04排/B面-04列/3层
378,宜昌市志,宜昌市地方志编纂委员会编,K296,地方文献阅览室/04排/B面-03列/1层
379,宜昌统计改革30年．1978-2008,宜昌市统计学会编,K296,地方文献阅览室/04排/B面-03列/2层
380,宜昌文艺家辞典,"刘不朽,彭万廷主编",K82-61,地方文献阅览室/04排/B面-04列/5层
381,宜昌县情,赵宗荣，张殿兴主编,K296,地方文献阅览室/04排/B面-02列/4层
382,宜昌县志,湖北省宜昌县地方志编纂委员会编纂,K296,地方文献阅览室/04排/B面-03列/1层
383,宜昌乡村大全．当阳卷,未知,K926,地方文献阅览室/05排/A面-04列/1层
384,宜昌乡村大全．五峰卷,未知,K926,地方文献阅览室/05排/A面-04列/1层
385,宜昌乡村大全．西陵五家岗点军猇亭卷,未知,K926,地方文献阅览室/05排/A面-04列/1层
386,宜昌乡村大全．兴山卷,未知,K926,地方文献阅览室/05排/A面-04列/1层
387,宜昌乡村大全．夷陵卷,未知,K926,地方文献阅览室/05排/A面-04列/1层
388,宜昌乡村大全．宜都卷,未知,K926,地方文献阅览室/05排/A面-04列/1层
389,宜昌乡村大全．远安卷,未知,K926,地方文献阅览室/05排/A面-04列/1层
390,宜昌乡村大全．长阳卷,未知,K926,地方文献阅览室/05排/A面-04列/1层
391,宜昌乡村大全．枝江卷,未知,K926,地方文献阅览室/05排/A面-04列/1层
392,宜昌乡村大全．秭归卷,未知,K926,地方文献阅览室/05排/A面-04列/1层
393,宜昌英烈,蔡大泽主编,K820.8,地方文献阅览室/04排/B面-05列/1层
394,宜昌优秀专家风采录,吴启华主编,K820,地方文献阅览室/04排/B面-05列/1层
395,宜昌之旅,湖北省地图院著,K928.96,地方文献阅览室/05排/A面-05列/3层
396,宜都大事记：1949-2000,潘洪锐主编,K296,地方文献阅览室/04排/B面-04列/3层
397,宜都市革命老区发展史,宜都市老区建设促进会编,K296,地方文献阅览室/04排/B面-04列/2层
398,宜都文史,宜都市文化文史和学习委员会宜都市创城工作领导小组办公室编,K296,地方文献阅览室/04排/B面-04列/2层
399,宜都文史．二十四,宜都市政协学习和文史资料委员会著,K250.6,地方文献阅览室/04排/B面-01列/6层
400,宜都文史资料．第十二辑，教育史料专辑,"宜都市政协文史资料委员会,宜都市教育局编",K250.6,地方文献阅览室/04排/B面-01列/6层
401,宜都文史资料．第十辑，渔洋河水利水电建设史料专辑,宜都市政协文史资料委员会，宜都市水利水电局编,K250.6,地方文献阅览室/04排/B面-01列/6层
402,宜都文史资料．第十九辑，劳动者之歌,"宜都市政协学习和文史资料委员会,宜都市总工会编",K250.6,地方文献阅览室/04排/B面-01列/6层
403,宜都文史资料．第十六辑，人口与计划生育史料专辑,"宜都市政协文史资料委员会,宜都市人口与计划生育局编",K250.6,地方文献阅览室/04排/B面-01列/6层
404,宜都文史资料．第十五辑，畜牧史料专辑,"宜都市政协文史资料委员会,宜都市畜牧局编",K250.6,地方文献阅览室/04排/B面-01列/6层
405,宜都文史资料．第十一辑，城市建设史料专辑,宜都市政协文史资料委员会，宜都市建设委员会编,K250.6,地方文献阅览室/04排/B面-01列/6层
406,宜都文史资料．第一辑,中国人民政治协商会议宜都县委员会文史资料工作委员会编,K250.6,地方文献阅览室/04排/B面-01列/6层
407,宜都县志,湖北省枝城市地方志编纂委员会编纂,K296,地方文献阅览室/04排/B面-03列/1层
408,宜都乡土调查志(校注、影印本),宜都市党史地方志办公室整理,K296,地方文献阅览室/04排/B面-04列/1层
409,宜都宜红茶：《宜都文史》第二十九辑,宜都市政协文化文史和学习委员会编,K296,地方文献阅览室/03排/B面-03列/3层
410,宜都英才：2004-2006年度宜都市拔尖人才风采录,中共宜都市委人才工作领导小组办公室编著,K820.8,地方文献阅览室/04排/B面-05列/1层
411,义门新谱.学源堂,陈华洲付菊红主编,K820.9,地方文献阅览室/04排/B面-05列/4层
412,印象,《建筑创作》杂志社编,K917,地方文献阅览室/04排/A面-04列/4层
413,英模赞,王国勋主编,K828,地方文献阅览室/05排/A面-01列/5层
414,永不逝落的文明：三峡文物抢救纪实,徐光冀主编,K872,地方文献阅览室/05排/A面-02列/2层
415,幽幽情人泉,杜鸿著,K928.963,地方文献阅览室/05排/A面-05列/3层
416,玉泉寺志,玉泉寺志编纂委员会编纂,K296,地方文献阅览室/04排/B面-03列/1层
417,玉阳清河瓦仓.傅氏族谱,傅家军傅家泉傅宏编修,K820.9,地方文献阅览室/04排/B面-05列/4层
418,远安：献给建国四十周年,中共远安县宣传部编,K296,地方文献阅览室/04排/B面-03列/1层
419,远安风物,周正英主编,K296,地方文献阅览室/04排/B面-03列/1层
420,远安改革开放三十年,政协远安县学习和文史委员会编,K296,地方文献阅览室/04排/B面-04列/3层
421,远安简介：献给建国四十周年,黄万胜主编,K296,地方文献阅览室/04排/B面-02列/5层
422,远安民俗：《远安风情》系列丛书,《远安民俗》编纂委员会,K892,地方文献阅览室/04排/B面-03列/5层
423,远安文史．第二辑,中国人民政治协商会议远安县委员会文史资料研究委员会编,K296,地方文献阅览室/04排/B面-02列/5层
424,远安文史．第九辑，远安城乡建设与环境保护事业,远安县政协文史资料委员会，远安县城乡建设环境保护局编,K296,地方文献阅览室/04排/B面-02列/5层
425,远安文史．第六辑,中国人民政治协商会议远安县委员会文史资料研究委员会编,K296,地方文献阅览室/04排/B面-02列/5层
426,远安文史．第三辑,中国人民政治协商会议远安县委员会文史资料研究委员会编,K296,地方文献阅览室/04排/B面-02列/5层
427,远安文史．第十二辑，远安科技五十年,中国人民政治协商会议远安县委员会文史资料研究委员会编,K296,地方文献阅览室/04排/B面-02列/5层
428,远安文史．第十一辑，远安工商五十年,中国人民政治协商会议远安县委员会文史资料研究委员会编,K296,地方文献阅览室/04排/B面-02列/5层
429,远安文史．第五辑,中国人民政治协商会议远安县委员会文史资料研究委员会编,K296,地方文献阅览室/04排/B面-02列/5层
430,远安文物：《远安风情》系列丛书,《远安文物编纂委员会》,K872,地方文献阅览室/05排/A面-02列/2层
431,远安县革命老区发展史,远安县老区建设促进会编,K296,地方文献阅览室/04排/B面-04列/3层
432,远安县洪氏宗亲大观：珍藏本,洪佑乡主编,K820.9,地方文献阅览室/04排/B面-05列/2层
433,远安县志：续编,远安县地方志编纂委员会编纂,K296,地方文献阅览室/04排/B面-02列/3层
434,远去的乡情：正在消失的民俗,齐东野，鲁贤文著,K892,地方文献阅览室/05排/A面-03列/1层
435,在雷锋军校里成长,乔仕文著,K825.2,地方文献阅览室/05排/A面-01列/1层
436,在历史长河中传承：建始人·长阳人·巴人·土家人,王善才编著,K878,地方文献阅览室/05排/A面-02列/4层
437,枣宜抗战：中日枣宜会战纪实,余堃余学新刘长琴等编著,K265.06,地方文献阅览室/04排/B面-02列/2层
438,战火硝烟中的小溪塔,未知,K296,地方文献阅览室/04排/B面-04列/3层
439,张道槐传,未知,K818,地方文献阅览室/04排/B面-04列/5层
440,张继煦传,刘云舟著,K825.4,地方文献阅览室/05排/A面-01列/2层
441,张上将自忠生平纪实,张庆宜著,K825.2,地方文献阅览室/05排/A面-01列/1层
442,张氏族谱,宜都南观音桥张氏族谱续修编委会,K820.9,地方文献阅览室/04排/B面-05列/2层
443,张自忠将军在湖北,杨学枝编著,K825.2,地方文献阅览室/05排/A面-01列/1层
444,长坂雄风当阳,中共当阳市委宣传部编,K296,地方文献阅览室/04排/B面-02列/5层
445,长江流域的古国旧邦,李晓明编著,K295,地方文献阅览室/04排/B面-02列/2层
446,长江流域的婚丧礼俗,顾久幸编著,K892.2,地方文献阅览室/05排/A面-03列/1层
447,长江流域的京杭运河,周家华编著,K928.4,地方文献阅览室/05排/A面-05列/1层
448,长江流域的楼台亭阁,金桂云，张远琴编著,K928.7,地方文献阅览室/05排/A面-05列/2层
449,长江流域的民居园林,王玉德著,K928.7,地方文献阅览室/05排/A面-05列/2层
450,长江流域的名城古镇,万艳华编著,K925,地方文献阅览室/05排/A面-03列/4层
451,长江流域的名山奇峡,吴成国，刘畅著,K928.3,地方文献阅览室/05排/A面-05列/1层
452,长江流域的器玉陶瓷,刘森淼，刘尔亮编著,K876.8,地方文献阅览室/05排/A面-02列/3层
453,长江流域的青铜冶铸,万全文著,K876,地方文献阅览室/05排/A面-02列/3层
454,长江流域的岁时节庆,黄雷，雷学华著,K892.1,地方文献阅览室/05排/A面-03列/1层
455,长江流域的寓言典故,柳燕，温显贵著,K295,地方文献阅览室/04排/B面-02列/2层
456,长江三峡,未知,K928.4,地方文献阅览室/05排/A面-05列/1层
457,长江三峡：名胜古迹介绍,长航重庆分局旅行服务社编,K928.7,地方文献阅览室/05排/A面-05列/2层
458,长江三峡风光,未知,K928.4,地方文献阅览室/05排/A面-05列/1层
459,长江三峡旅游指南,何士继等主编,K928.7,地方文献阅览室/05排/A面-05列/2层
460,长江文明,冯天瑜，马志亮，丁援著,K295,地方文献阅览室/04排/A面-05列/2层
461,长阳巴土风情散记,长阳土家族自治县民族研究会编,K296,地方文献阅览室/04排/B面-03列/3层
462,长阳风情：长阳文史资料第十九集,政协长阳土家族自治县文史资料委员会编,K296,地方文献阅览室/04排/B面-03列/3层
463,长阳近代兵事史话,郑子华著,K287.3,地方文献阅览室/04排/B面-02列/2层
464,长阳抗战回忆录：纪念“七.七”事变五十周年专辑,中国人民政治协商会议湖北省长阳土家族自治县委员会文史资料研究委员会编,K265,地方文献阅览室/04排/B面-02列/1层
465,长阳名人传略,陈红，高山主编,K287.3,地方文献阅览室/04排/B面-02列/2层
466,长阳石刻,罗建平，罗钰主编,K877,地方文献阅览室/05排/A面-02列/3层
467,长阳土家族,本书编写组编,K280.6,地方文献阅览室/04排/B面-02列/2层
468,长阳土家族自治县概况,《长阳土家族自治县概况》编写组编,K296,地方文献阅览室/04排/B面-02列/4层
469,长阳土家族自治县民族文化研究会20年大事记,长阳土家族民族文化研究会编,K296,地方文献阅览室/03排/B面-05列/6层
470,长阳土司源流研究,晓登著,K287.3,地方文献阅览室/04排/B面-02列/2层
471,长阳文史．第二十九辑,政协长阳土家族自治县委文史资料委员会编,K296,地方文献阅览室/04排/B面-04列/3层
472,长阳文史资料．第九辑，发展中的长阳工业,长阳土家族自治县政协文史资料委员会编,K296,地方文献阅览室/04排/B面-02列/4层
473,长阳文史资料．第六辑,中国人民政治协商会议湖北省长阳土家族自治县委员会文史资料委员会编,K296,地方文献阅览室/04排/B面-02列/4层
474,长阳文史资料．第六辑,中国人民政治协商会议湖北省长阳土家族自治县委员会文史资料委员会编,K296,地方文献阅览室/04排/B面-02列/4层
475,长阳文史资料．第七辑，长阳交通话历程,长阳土家族自治县政协文史资料委员会，长阳土家族自治县交通局编,K296,地方文献阅览室/04排/B面-02列/4层
476,长阳文史资料．第十二辑，长阳杏林集萃,田纯成，张亚东主编,K296,地方文献阅览室/04排/B面-02列/4层
477,长阳文史资料．第十辑，高山新闻作品选辑,政协长阳土家族自治县委文史资料委员会编,K296,地方文献阅览室/04排/B面-02列/4层
478,长阳文史资料．第十三辑，千秋业,长阳土家族政协文史委等编,K296,地方文献阅览室/04排/B面-02列/4层
479,长阳文史资料．第十五辑，抗美援朝亲历记,江诗炎等主编,K296,地方文献阅览室/04排/B面-02列/4层
480,长阳文史资料．第十一辑，清江水电移民情,长阳土家族自治县移民开发指挥部，政协长阳土家族自治县文史资料委员会编,K296,地方文献阅览室/04排/B面-02列/4层
481,长阳文艺搜存集．初编,向禹九编,K287.3,地方文献阅览室/04排/B面-02列/2层
482,长阳文艺搜存集．续编,杨发兴主编,K287.3,地方文献阅览室/04排/B面-02列/2层
483,长阳县志,湖北省长阳土家族自治县地方志编纂委员会编纂,K296,地方文献阅览室/04排/B面-03列/1层
484,长阳英烈,中共长阳土家族自治县委党史办公室，长阳土家族自治县老区建设办公室编,K820,地方文献阅览室/04排/B面-05列/1层
485,昭君故里,吴道周编,K928.7,地方文献阅览室/05排/A面-05列/2层
486,昭君和亲源流考,林永仁著,K828,地方文献阅览室/05排/A面-01列/5层
487,昭君文化丛书：传说卷,"邹志斌,蔡长明著",K296,地方文献阅览室/04排/B面-03列/5层
488,昭君文化丛书：散文卷,"邹志斌,蔡长明著",K296,地方文献阅览室/04排/B面-03列/5层
489,昭君文化丛书：散文卷,"邹志斌,蔡长明著",K296,地方文献阅览室/04排/B面-03列/5层
490,昭君文化丛书：图册卷,"邹志斌,蔡长明著",K296,地方文献阅览室/04排/B面-03列/5层
491,昭君文化丛书论文卷,未知,K296/,地方文献阅览室/04排/B面-03列/5层
492,震撼世界的十天,未知,K512,地方文献阅览室/03排/B面-04列/1层
493,政协委员风采,政协宜昌市委员会文史资料委员会编,K250.6,地方文献阅览室/04排/B面-01列/5层
494,枝城市文史资料．第二辑,中国人民政治协商会议枝城市委员会文史资料委员会编,K296,地方文献阅览室/04排/B面-02列/6层
495,枝城市文史资料．第六辑,中国人民政治协商会议枝城市委员会文史资料委员会编,K296,地方文献阅览室/04排/B面-02列/6层
496,枝城市文史资料．第七辑,中国人民政治协商会议枝城市委员会文史资料委员会编,K296,地方文献阅览室/04排/B面-02列/6层
497,枝城市文史资料．第四辑,中国人民政治协商会议枝城市委员会文史资料委员会编,K296,地方文献阅览室/04排/B面-02列/6层
498,枝江毛氏族谱,毛启国编著,K820.9,地方文献阅览室/04排/B面-05列/3层
499,枝江市革命老区发展史,枝江市老区建设促进会编,K296,地方文献阅览室/04排/B面-04列/2层
500,枝江文史．第八期,枝江市政协文史和学习委员会编,K296,地方文献阅览室/04排/B面-04列/3层
501,枝江文史．第七期,枝江市政协文史和学习委员会编,K296,地方文献阅览室/04排/B面-04列/3层
502,枝江文史资料．第二辑,中国人民政治协商会议枝江县委员会文史资料研究委员会编,K296,地方文献阅览室/04排/B面-02列/6层
503,枝江文史资料．第二十二辑，绿满枝江,中国人民政协文史资料委员会，枝江市林业局编,K296,地方文献阅览室/04排/B面-02列/6层
504,枝江文史资料．第九辑，教育专辑,中国人民政治协商会议枝江县委员会文史资料研究委员会编,K296,地方文献阅览室/04排/B面-02列/6层
505,枝江文史资料．第七辑,中国人民政治协商会议枝江县委员会文史资料研究委员会编,K296,地方文献阅览室/04排/B面-02列/6层
506,枝江文史资料．第三辑,中国人民政治协商会议枝江县委员会文史资料研究委员会编,K296,地方文献阅览室/04排/B面-02列/6层
507,枝江文史资料．第十二辑，枝江古诗精选,中国人民政协文史资料委员会等编,K296,地方文献阅览室/04排/B面-02列/6层
508,枝江文史资料．第十辑，金盾.利剑.天平---枝江政法工作五十年,中国人民政治协商会议枝江县委员会文史资料研究委员会编,K296,地方文献阅览室/04排/B面-02列/6层
509,枝江文史资料．第十六辑，记忆中的湖北化肥厂,中国人民政协文史资料委员会等编,K296,地方文献阅览室/04排/B面-02列/6层
510,枝江文史资料．第十三辑，珍藏董市,中国人民政协文史资料委员会等编,K296,地方文献阅览室/04排/B面-02列/6层
511,枝江文史资料．第四辑,中国人民政治协商会议枝江县委员会文史资料研究委员会编,K296,地方文献阅览室/04排/B面-02列/6层
512,枝江文史资料．第五辑,中国人民政治协商会议枝江县委员会文史资料研究委员会编,K296,地方文献阅览室/04排/B面-02列/6层
513,枝江文史资料．第一辑,中国人民政治协商会议枝江县委员会文史资料研究委员会编,K296,地方文献阅览室/04排/B面-02列/6层
514,中共宜昌地区党史人物传略：1921-1949,中共宜昌地委党史资料征集编研委员会办公室编,K820,地方文献阅览室/04排/B面-05列/1层
515,中共宜都简史：1919.5—2003.12,宜都市党史地方志办公室著,K235,地方文献阅览室/04排/B面-01列/1层
516,中国八大诗人,胡怀琛著,K825.6,地方文献阅览室/05排/A面-01列/3层
517,中国当代名作家小传,何火任主编,K825.6,地方文献阅览室/05排/A面-01列/2层
518,中国当阳,韩博毅，黄晓桑编,K296,地方文献阅览室/04排/B面-02列/4层
519,中国的拿破仑蒋介石之命运,（苏联）沃龙佐春著,K827.5,地方文献阅览室/05排/A面-01列/4层
520,中国端午习俗,余先志编,K892.2,地方文献阅览室/05排/A面-03列/1层
521,中国共产党巫山地方历史,未知,K296/,地方文献阅览室/04排/B面-03列/5层
522,中国古典学．第一卷，中国西部文明研究，清江篇,吴锐编,K294,地方文献阅览室/04排/B面-02列/2层
523,中国古钱石刻101品,王文华编著,K875,地方文献阅览室/05排/A面-02列/3层
524,中国近代史,九院校《中国近代史》编写组编,K251,地方文献阅览室/04排/B面-01列/2层
525,中国历代文化艺术名人大辞典,刘波主编,K82-61,地方文献阅览室/04排/B面-04列/5层
526,中国旅游指南,纪世昌编著,K928.9,地方文献阅览室/05排/A面-05列/3层
527,中国民俗文化,未知,K892,地方文献阅览室/05排/A面-03列/1层
528,中国三峡导游文化,梅龙编著,K928.96,地方文献阅览室/05排/A面-05列/3层
529,中国少数民族婚丧风俗,严汝娴，刘宇著,K892.3,地方文献阅览室/05排/A面-03列/1层
530,中国语文学家辞典,未知,K825.5,地方文献阅览室/04排/B面-04列/5层
531,中国早期巴文化：长阳香炉石遗址发掘与研究,王善才主编,K878,地方文献阅览室/05排/A面-02列/4层
532,中国长江风光赏析辞典,"张宏儒,汪雷著",K9-61,地方文献阅览室/05排/A面-03列/4层
533,中国长江三峡科教人才库,郑和昌等主编,K820.8,地方文献阅览室/04排/B面-05列/1层
534,中华民国史资料丛稿．第三卷,日本防卫厅防卫研究所战史室编,K265.3,地方文献阅览室/04排/B面-02列/2层
535,中华民族之母嫘祖,中华炎黄文化研究会等组编,K203,地方文献阅览室/04排/B面-01列/1层
536,中华鄢氏总谱,《中华鄢氏总谱》编纂委员会编,K820.9,地方文献阅览室/04排/B面-05列/4层
537,中日鄂西会战,余堃、余学新等编著,K265.06,地方文献阅览室/04排/B面-02列/2层
538,中州堂覃氏族谱,三修湖北长阳柿贝《中州堂覃氏族谱》编篡委员会编,K820.9,地方文献阅览室/04排/B面-05列/2层
539,重庆旅游指南,重庆旅游指南编委会编,K928.97,地方文献阅览室/05排/A面-05列/2层
540,周恩来在1927年至1935年,黄少群著,K827,地方文献阅览室/03排/B面-02列/5层
541,转身：穿越十三个灵魂的旅行,未知,K820,地方文献阅览室/04排/B面-05列/1层
542,资丘,"中共长阳土家族自治县资丘镇委员会,长阳土家族自治县资丘镇人民政府著",K296,地方文献阅览室/04排/B面-03列/3层
543,资丘,"中共长阳土家族自治县资丘镇委员会,长阳土家族自治县资丘镇人民政府著",K296,地方文献阅览室/04排/B面-03列/3层
544,秭归科技名人辞典,舒德玉主编,K82-61,地方文献阅览室/04排/B面-04列/5层
545,秭归历史人物撷英,政协秭归县委学习和文史委员会编,K820.8,地方文献阅览室/04排/B面-05列/1层
546,秭归文史资料．第13辑，红杏出墙，来自教育改革第一线的报告,政协秭归县委文史资料委员会，秭归县实验小学编,K296,地方文献阅览室/04排/B面-03列/1层
547,秭归文史资料．第20辑，秭归三十年回眸(1978-2008),政协秭归县委学习和文史委员会编,K296,地方文献阅览室/04排/B面-03列/1层
548,秭归文史资料．第21辑，坝上明珠沧桑60年巨变(1949-2009),政协秭归县委学习和文史委员会编,K296,地方文献阅览室/04排/B面-03列/1层
549,秭归文史资料．第七辑,中国人民政治协商会议湖北省秭归县委员会文史资料委员会编,K296,地方文献阅览室/04排/B面-03列/1层
550,秭归县革命老区发展史,秭归县老区建设促进会编,K296,地方文献阅览室/04排/B面-04列/3层
551,秭归县农村信用合作社志：1952-2008,尤云树著,K296,地方文献阅览室/04排/B面-03列/2层
552,秭归县志,湖北省秭归县地方志编纂委员会编,K296,地方文献阅览室/04排/B面-03列/1层
553,秭归县志：1979-2005,湖北省秭归县地方志编纂委员会编,K296,地方文献阅览室/04排/B面-03列/3层
554,秭归饮食习俗：张志和题,郑承志编著,K892.2,地方文献阅览室/05排/A面-03列/1层
555,走进车溪,宜昌市三峡旅游文化研究会编,K928.96,地方文献阅览室/05排/A面-05列/3层
556,走进新秭归,秭归县文联，秭归县文化旅游局编,K926,地方文献阅览室/05排/A面-04列/1层
557,走进兴山：旅游导游词,岳新梅主编,K928.70,地方文献阅览室/05排/A面-05列/2层
558,走进夷陵,宜昌市夷陵区人民政府编,K928.70,地方文献阅览室/05排/A面-05列/2层
559,走进宜昌游览新三峡·导游词,屈鹏著,K928.9,地方文献阅览室/05排/A面-05列/3层
