xh,xmbh,building_id,jzmj,jzjg,fyzts,xhxfyts,karma_create_time
1,8a9c96b18fce4a58018fce5bc61c0000,8a9c96b18fce4a58018fcebd708d017f,1,1,3,0,2025-11-03 10:57:01.0
2,8a9c96b18fdcc10d018fdcc98ef00007,8a9c96b18fdcc10d018fdcd2d5820021,2351.48,2,60,60,2025-11-03 10:57:01.0
3,8a9c96b18fdcc10d018fdcc98ef00007,8a9c96b18fdcc10d018fdcd64b9b0068,1324.17,2,24,24,2025-11-03 10:57:01.0
4,8a9c96b18fdcc10d018fdce29c120148,8a9c96b18fdcc10d018fdce658b8014f,3972.51,2,86,86,2025-11-03 10:57:01.0
5,8a9c96b18fdcc10d018fdcff057c02ec,8a9c96b18fdcc10d018fdcff064002ed,4376.13,2,70,0,2025-11-03 10:57:01.0
6,8a9c96b18fdcc10d018fdcff057c02ec,8a9c96b18fdcc10d018fdcff064302ee,4430.92,2,70,0,2025-11-03 10:57:01.0
7,8a9c96b18fdcc10d018fdce764e80267,8a9c96b18fdcc10d018fdd047f3d0383,4808.8,2,48,36,2025-11-03 10:57:01.0
8,8a9c96b18fdcc10d018fdce764e80267,8a9c96b18fdcc10d018fdd0545d403ca,4808.8,2,48,36,2025-11-03 10:57:01.0
9,8a9c96b18fdcc10d018fdd12e5ee0417,8a9c96b18fdcc10d018fdd12e6950418,2585.38,3,42,0,2025-11-03 10:57:01.0
10,8a9c96b18fdcc10d018fdd12e5ee0417,8a9c96b18fdcc10d018fdd12e69a0419,2676.94,3,42,0,2025-11-03 10:57:01.0
11,8a9c96b18fdcc10d018fdd2588300498,8a9c96b18fdcc10d018fdd2588d40499,1913.32,2,24,0,2025-11-03 10:57:01.0
12,8a9c96b18fdcc10d018fe0c2ca670566,8a9c96b18fdcc10d018fe0d0ec62056e,20742.94,1,348,348,2025-11-03 10:57:01.0
13,8a9c96b18fdcc10d018fe0f7c6c906fb,8a9c96b18fdcc10d018fe103db580707,4376.13,2,70,0,2025-11-03 10:57:01.0
14,8a9c96b18fdcc10d018fe0f7c6c906fb,8a9c96b18fdcc10d018fe104ead1074e,4430.92,2,70,0,2025-11-03 10:57:01.0
15,8a9c96b18fdcc10d018fe11c841d07b0,8a9c96b18fdcc10d018fe1234c3607c9,2585.38,2,42,21,2025-11-03 10:57:01.0
16,8a9c96b18fdcc10d018fe11c841d07b0,8a9c96b18fdcc10d018fe12489e707f6,2676.94,2,42,42,2025-11-03 10:57:01.0
17,8a9c96b18fdcc10d018fe1435a5108f2,8a9c96b18fdcc10d018fe147e8e808f8,70.77,3,24,12,2025-11-03 10:57:01.0
18,8a9c96b18fdcc10d018fe1e867cc0a02,8a9c96b18fdcc10d018fe1fcdb7d0a64,2600,2,40,0,2025-11-03 10:57:01.0
19,8a9c96b18fdcc10d018fe1e867cc0a02,8a9c96b18fdcc10d018fe20111f20b2f,692.4,2,36,0,2025-11-03 10:57:01.0
20,8a9c96b18fdcc10d018fe1e867cc0a02,8a9c96b18fdcc10d018fe20cfa1f0b8d,504,2,8,0,2025-11-03 10:57:01.0
21,8a9c96b18fdcc10d018fe1e867cc0a02,8a9c96b18fdcc10d018fe20e8cf40b97,1143,2,51,0,2025-11-03 10:57:01.0
22,8a9c96b18fdcc10d018fdd8c18b204cf,8a9c96b18fdcc10d018fe22b9f890bed,,2,165,165,2025-11-03 10:57:01.0
23,8a9c96b18fe2a425018fe66a62ac0186,8a9c96b18feb9cea018ff1b8be5c0131,52,4,18,18,2025-11-03 10:57:01.0
24,8a9c96b18fe2a425018fe66a62ac0186,8a9c96b18feb9cea018ff1b8be860144,,4,27,27,2025-11-03 10:57:01.0
25,8a9c96b18fe2a425018fe66a62ac0186,8a9c96b18feb9cea018ff1b8bead0160,,4,27,27,2025-11-03 10:57:01.0
26,8a9c96b18feb9cea018ff2136ceb01a1,8a9c96b18feb9cea018ff217424401a8,,2,0,0,2025-11-03 10:57:01.0
27,8a9c96b18feb9cea018feccd706d0017,8a9c96b18ff67d6f018ff69ad276000e,1054,2,4,4,2025-11-03 10:57:01.0
28,8a9c96b18fdcc10d018fdd038ea0037b,8a9c96b18ff6b2af01900f40d0f800d4,2997,1,29,0,2025-11-03 10:57:01.0
29,8a9c96b18fdcc10d018fdd038ea0037b,8a9c96b18ff6b2af01900f4380df0203,3744,1,35,0,2025-11-03 10:57:01.0
30,8a9c96b18fdcc10d018fdd038ea0037b,8a9c96b18ff6b2af01900f44184b025c,2238,1,47,0,2025-11-03 10:57:01.0
31,8a9c96b18ff6b2af019010e91fcc036b,8a9c96b18ff6b2af019010f01160036f,3784,2,110,110,2025-11-03 10:57:01.0
32,8a9c96b18ff6b2af019015a2283b18ca,8a9c96b18ff6b2af019015a228ef18cb,2635,3,26,2,2025-11-03 10:57:01.0
33,8a9c96b18ff6b2af019015a478e51bbe,8a9c96b18ff6b2af019015a6017d1bc7,60,1,42,0,2025-11-03 10:57:01.0
34,8a9c96b18ff6b2af019015ea17ff1c01,8a9c96b18ff6b2af019015ee80321c0c,1500,1,0,0,2025-11-03 10:57:01.0
35,8a9c96b18ff6b2af019015f9fd0b1c31,8a9c96b18ff6b2af019015fdacb21c49,1500,2,40,40,2025-11-03 10:57:01.0
36,8a9c96b18ff6b2af0190160a61531cac,8a9c96b18ff6b2af0190160d0a311cb3,1120.41,2,30,0,2025-11-03 10:57:01.0
37,8a9c96b18ff6b2af01902382a29d1cdb,8a9c96b18ff6b2af01902385d56a1cde,4461,2,60,60,2025-11-03 10:57:01.0
38,8a9c96b18ff6b2af01902382a29d1cdb,8a9c96b18ff6b2af0190238695ec1d1c,4461,2,60,60,2025-11-03 10:57:01.0
39,8a9c96b18ff6b2af01902382a29d1cdb,8a9c96b18ff6b2af019023876fb31d59,4461,2,60,60,2025-11-03 10:57:01.0
40,8a9c96b18ff6b2af0190254153172153,8a9c96b18ff6b2af0190259bfb4e2161,2724.48,3,176,0,2025-11-03 10:57:01.0
41,8a9c96b18fdcc10d018fe0c2ca670566,8a9c96b18ff6b2af019038dc66e5227b,20742.94,1,361,361,2025-11-03 10:57:01.0
42,8a9c96b18fdcc10d018fe0c2ca670566,8a9c96b18ff6b2af019038e0d39f2557,20742.94,1,361,361,2025-11-03 10:57:01.0
43,8a9c96b18fdcc10d018fe0c2ca670566,8a9c96b18ff6b2af019038e1ac0b26c5,20742.94,1,361,361,2025-11-03 10:57:01.0
44,8a9c96b18fdcc10d018fdd038ea0037b,8a9c96b18ff6b2af019039aa931c3778,7254,1,68,0,2025-11-03 10:57:01.0
45,8a9c96b18fdcc10d018fdd038ea0037b,8a9c96b18ff6b2af019039c766de37e1,2014,1,19,0,2025-11-03 10:57:01.0
46,8a9c96b18ff6b2af01903a1d84613850,8a9c96b18ff6b2af01903a202ae33851,,,55,0,2025-11-03 10:57:01.0
47,8a9c96b18ff6b2af019039f89d113848,8a9c96b18ff6b2af01903a27e1b9388a,1082,2,42,11,2025-11-03 10:57:01.0
48,8a9c96b18ff6b2af0190483880be3947,8a9c96b18ff6b2af0190483c5fba3948,1389.84,,31,31,2025-11-03 10:57:01.0
49,8a9c96b18ff6b2af019048f244f539d7,8a9c96b18ff6b2af019048f245b739d8,1470,3,55,50,2025-11-03 10:57:01.0
50,8a9c96b18ff6b2af0190493e34f54227,8a9c96b18ff6b2af0190493e35ed4228,20742.94,1,349,349,2025-11-03 10:57:01.0
51,8a9c96b18ff6b2af0190493e34f54227,8a9c96b18ff6b2af0190493e35f54229,20742.94,1,361,361,2025-11-03 10:57:01.0
52,8a9c96b18ff6b2af0190493e34f54227,8a9c96b18ff6b2af0190493e35fe422a,20742.94,1,361,361,2025-11-03 10:57:01.0
53,8a9c96b18ff6b2af0190493e34f54227,8a9c96b18ff6b2af0190493e3603422b,20742.94,1,361,361,2025-11-03 10:57:01.0
54,8a9c96b18fc3e5ce018fc8e30a0f5b42,8a9c96b18ff6b2af0190494227ca5320,6780.66,2,108,108,2025-11-03 10:57:01.0
55,8a9c96b1904ce4b001904e88138c0257,8a9c96b1904ce4b001904e8e35420258,1052,2,31,31,2025-11-03 10:57:01.0
56,8a9c96b1815c46f5018239f6817e0107,8a9c96b190b5a9b00190b947fb9b0000,,,5,2,2025-11-03 10:57:01.0
57,8a9c96b180db140c0180dee962f700bb,8a9c96b190bab6f20190be657ace0086,,2,95,76,2025-11-03 10:57:01.0
58,8a9c96b185bd91100185c802c47e52f4,8a9c96b190bab6f20190be6e46430138,167.28,2,2,0,2025-11-03 10:57:01.0
59,8a9c96b180db140c0180dee962f700bb,8a9c96b190bab6f20190be6f60aa01d9,,2,128,128,2025-11-03 10:57:01.0
60,8a9c96b1815c46f5018239f6817e00f6,8a9c96b190bab6f20190be96883903bc,,,3,3,2025-11-03 10:57:01.0
61,8a9c96b1815c46f5018239f6817e00f5,8a9c96b190c0cc720190c3446d560074,0,,,,2025-11-03 10:57:01.0
62,8a9c96b1815c46f5018239f6817e00f5,8a9c96b190c0cc720190c36d37be009a,,,,,2025-11-03 10:57:01.0
63,8a9c96b190c0cc720190c3aeabc10205,8a9c96b190c0cc720190c3b02cb7020a,63.48,2,,,2025-11-03 10:57:01.0
64,8a9c96b190c0cc720190c3aeabc10205,8a9c96b190c0cc720190c3b218760216,66.12,2,,,2025-11-03 10:57:01.0
65,8a9c96b190c0cc720190c3aeabc10205,8a9c96b190c0cc720190c3b57b0f0221,551.31,2,,,2025-11-03 10:57:01.0
66,8a9c96b190c0cc720190c3b8c042022a,8a9c96b190c0cc720190c3bb5ba30230,,2,95,0,2025-11-03 10:57:01.0
67,8a9c96b1815c46f5018239f6817e00f5,8a9c96b190c0cc720190c3bb6a5a02eb,,,,,2025-11-03 10:57:01.0
68,8a9c96b190c0cc720190c3cd1b7f039a,8a9c96b190c0cc720190c3ce7b9003a3,4294.26,2,32,0,2025-11-03 10:57:01.0
69,8a9c96b190c0cc720190c3b8c042022a,8a9c96b190c0cc720190c3e0bb230409,,2,104,0,2025-11-03 10:57:01.0
70,8a9c96b190c0cc720190c3b8c042022a,8a9c96b190c0cc720190c3f4e8b904d5,,2,65,0,2025-11-03 10:57:01.0
71,8a9c96b190c0cc720190c3b8c042022a,8a9c96b190c0cc720190c4005edc0543,,2,58,0,2025-11-03 10:57:01.0
72,8a9c96b1815c46f5018239f6817e00f6,8a9c96b190c0cc720190c40407df05a2,1300.58,2,,,2025-11-03 10:57:01.0
73,8a9c96b1815c46f5018239f6817e00f6,8a9c96b190c0cc720190c4152d690648,2120.93,2,80,0,2025-11-03 10:57:01.0
74,8a9c96b1815c46f5018239f6817e00f6,8a9c96b190c0cc720190c4329fd706c4,80.53,2,,,2025-11-03 10:57:01.0
75,8a9c96b1815c46f5018239f6817e00f6,8a9c96b190c0cc720190c438252f07ad,225.09,2,,,2025-11-03 10:57:01.0
76,8a9c96b1815c46f5018239f6817e00f6,8a9c96b190c0cc720190c43c4fd6081a,304.74,2,,,2025-11-03 10:57:01.0
77,8a9c96b1815c46f5018239f6817e0106,8a9c96b190c0cc720190c44650500889,1318.15,2,16,0,2025-11-03 10:57:01.0
78,8a9c96b1815c46f5018239f6817e0106,8a9c96b190c0cc720190c45747b308e8,1654.81,2,72,0,2025-11-03 10:57:01.0
79,8a9c96b1815c46f5018239f6817e0106,8a9c96b190c0cc720190c467a3550932,1330.42,2,72,0,2025-11-03 10:57:01.0
80,8a9c96b190c0cc720190c3b8c042022a,8a9c96b190c0cc720190c4758605097b,,2,6,0,2025-11-03 10:57:01.0
81,8a9c96b184b43c6f0184bb2b18e40000,8a9c96b190c0cc720190c475b7260997,5187.52,2,130,130,2025-11-03 10:57:01.0
82,8a9c96b1815c46f5018239f6817e0106,8a9c96b190c0cc720190c477c3ee0a4c,1529.05,2,72,72,2025-11-03 10:57:01.0
83,8a9c96b190c0cc720190c3b8c042022a,8a9c96b190c0cc720190c47af1390a97,,2,6,0,2025-11-03 10:57:01.0
84,8a9c96b190c0cc720190c3b8c042022a,8a9c96b190c0cc720190c48d7c790b60,,2,3,0,2025-11-03 10:57:01.0
85,8a9c96b190c0cc720190c3b8c042022a,8a9c96b190c0cc720190c490817f0bbe,,2,1,0,2025-11-03 10:57:01.0
86,8a9c96b190c0cc720190c3b8c042022a,8a9c96b190c0cc720190c49309710c18,,2,11,0,2025-11-03 10:57:01.0
87,8a9c96b190c0cc720190c49a6e5c0d6f,8a9c96b190c0cc720190c49e4bb10d7c,3813.42,2,32,0,2025-11-03 10:57:01.0
88,8a9c96b190c0cc720190c490bf8a0c10,8a9c96b190c0cc720190c4af4a570de6,,,108,0,2025-11-03 10:57:01.0
89,8a9c96b190c0cc720190c490bf8a0c10,8a9c96b190c0cc720190c4b148170e53,,,108,0,2025-11-03 10:57:01.0
90,8a9c96b190c0cc720190c490bf8a0c10,8a9c96b190c0cc720190c4b52d6c0ff1,,,108,0,2025-11-03 10:57:01.0
91,8a9c96b1815c46f5018239f6817e00f1,8a9c96b190c0cc720190c4b5a05a1062,2086.46,2,20,0,2025-11-03 10:57:01.0
92,8a9c96b184b43c6f0184bb2b18e40000,8a9c96b190c0cc720190c4ba5f7111f5,3302.08,2,84,84,2025-11-03 10:57:01.0
93,8a9c96b184b43c6f0184bb2b18e40000,8a9c96b190c0cc720190c4d19a88149a,3302.08,2,84,84,2025-11-03 10:57:01.0
94,8a9c96b190c0cc720190c490bf8a0c10,8a9c96b190c0cc720190c4d3ef2614f1,,,,,2025-11-03 10:57:01.0
95,8a9c96b190c0cc720190c490bf8a0c10,8a9c96b190c0cc720190c4d4b0cd1543,,2,,,2025-11-03 10:57:01.0
96,8a9c96b184b43c6f0184bb2b18e40000,8a9c96b190c0cc720190c4dd333515c2,3302.08,2,84,84,2025-11-03 10:57:01.0
97,8a9c96b184b43c6f0184bb2b18e40000,8a9c96b190c0cc720190c4e4156b1623,3302.08,2,84,84,2025-11-03 10:57:01.0
98,8a9c96b184b43c6f0184bb2b18e40000,8a9c96b190c0cc720190c4ec2ce4175c,3302.08,2,84,84,2025-11-03 10:57:01.0
99,8a9c96b1815c46f5018239f6817e00f1,8a9c96b190c0cc720190c4f1202017b7,3189.54,2,30,0,2025-11-03 10:57:01.0
100,8a9c96b184b43c6f0184bb2b18e40000,8a9c96b190c0cc720190c4f5e52218a9,9553.62,2,220,220,2025-11-03 10:57:01.0
101,8a9c96b1815c46f5018239f6817e00f1,8a9c96b190c0cc720190c504d0b31a19,3136.39,2,,,2025-11-03 10:57:01.0
102,8a9c96b1815c46f5018239f6817e00f1,8a9c96b190c0cc720190c51439b11b3a,4203.05,2,,,2025-11-03 10:57:01.0
103,8a9c96b184b43c6f0184bb2b18e40000,8a9c96b190c0cc720190c51af8521bd3,9553.62,2,220,220,2025-11-03 10:57:01.0
104,8a9c96b184b43c6f0184bb2b18e40000,8a9c96b190c0cc720190c86838c91ccb,974.1,2,30,30,2025-11-03 10:57:01.0
105,8a9c96b184b43c6f0184bb2b18e40000,8a9c96b190c0cc720190c89582d81db3,12368.28,2,286,285,2025-11-03 10:57:01.0
106,8a9c96b184b43c6f0184bb2b18e40000,8a9c96b190c0cc720190c8aca2551f0a,1538.04,2,48,48,2025-11-03 10:57:01.0
107,8a9c96b184b43c6f0184bb2b18e40000,8a9c96b190c0cc720190c8d8cb041fe6,3067.13,2,72,72,2025-11-03 10:57:01.0
108,8a9c96b190c0cc720190c9e507f621af,8a9c96b190c0cc720190c9e5e78221b4,,3,,,2025-11-03 10:57:01.0
109,8a9c96b190c0cc720190c4ad53e60de2,8a9c96b190c0cc720190cda6dcb92242,,2,,,2025-11-03 10:57:01.0
110,8a9c96b190c0cc720190d8187c8a228f,8a9c96b190c0cc720190d8187e672290,4294.26,2,96,0,2025-11-03 10:57:01.0
111,8a9c96b190c0cc720190d873bcc12341,8a9c96b190c0cc720190d874f4c82342,14054.73,2,176,0,2025-11-03 10:57:01.0
112,8a9c96b190c0cc720190d97d931a23f8,8a9c96b190c0cc720190d97d944423f9,1611.46,1,19,0,2025-11-03 10:57:01.0
113,8a9c96b190c0cc720190d97d931a23f8,8a9c96b190c0cc720190d97d944623fa,5797.34,1,68,0,2025-11-03 10:57:01.0
114,8a9c96b190c0cc720190d97d931a23f8,8a9c96b190c0cc720190d97d944a23fb,5797.34,2,40,0,2025-11-03 10:57:01.0
115,8a9c96b190c0cc720190d97d931a23f8,8a9c96b190c0cc720190d97d944a23fc,6115.8,1,72,0,2025-11-03 10:57:01.0
116,8a9c96b190c0cc720190d97d931a23f8,8a9c96b190c0cc720190d97d945023fd,5187.52,2,130,130,2025-11-03 10:57:01.0
117,8a9c96b190c0cc720190d97d931a23f8,8a9c96b190c0cc720190d97d945323fe,3302.08,2,84,84,2025-11-03 10:57:01.0
118,8a9c96b190c0cc720190d97d931a23f8,8a9c96b190c0cc720190d97d945523ff,3302.08,2,84,84,2025-11-03 10:57:01.0
119,8a9c96b190c0cc720190d97d931a23f8,8a9c96b190c0cc720190d97d945a2400,3302.08,2,84,84,2025-11-03 10:57:01.0
120,8a9c96b190c0cc720190d97d931a23f8,8a9c96b190c0cc720190d97d945a2401,3302.08,2,84,84,2025-11-03 10:57:01.0
121,8a9c96b190c0cc720190d97d931a23f8,8a9c96b190c0cc720190d97d945e2402,3302.08,2,84,84,2025-11-03 10:57:01.0
122,8a9c96b190c0cc720190d97d931a23f8,8a9c96b190c0cc720190d97d94602403,9553.62,2,220,220,2025-11-03 10:57:01.0
123,8a9c96b190c0cc720190d97d931a23f8,8a9c96b190c0cc720190d97d94612404,9553.62,2,220,220,2025-11-03 10:57:01.0
124,8a9c96b190c0cc720190d97d931a23f8,8a9c96b190c0cc720190d97d94622405,974.1,2,30,30,2025-11-03 10:57:01.0
125,8a9c96b190c0cc720190d97d931a23f8,8a9c96b190c0cc720190d97d94672406,12368.28,2,286,285,2025-11-03 10:57:01.0
126,8a9c96b190c0cc720190d97d931a23f8,8a9c96b190c0cc720190d97d94d42407,1538.04,2,48,48,2025-11-03 10:57:01.0
127,8a9c96b190c0cc720190d97d931a23f8,8a9c96b190c0cc720190d97d94dd2408,3067.13,2,72,72,2025-11-03 10:57:01.0
128,8a9c96b190c0cc720190d998b2fc29f8,8a9c96b190c0cc720190d99a870029fc,14054.73,2,176,0,2025-11-03 10:57:01.0
129,8a9c96b190c0cc720190e88b007f2d03,8a9c96b190c0cc720190e9a190082e98,3097,2,77,74,2025-11-03 10:57:01.0
130,8a9c96b191090aea019125a2d29b00f4,8a9c96b191090aea019125a892a100f5,451,2,,,2025-11-03 10:57:01.0
131,8a9c96b191090aea019125d426de0112,8a9c96b191090aea019125d53c590113,2393.5,2,,,2025-11-03 10:57:01.0
132,8a9c96b19130a996019132507112000f,8a9c96b19130a996019132601ac00016,4732.68,2,134,134,2025-11-03 10:57:01.0
133,8a9c96b19146309a0191a14e02ce0a56,8a9c96b19146309a0191a1543fcc0a59,1882.81,2,9000,30,2025-11-03 10:57:01.0
134,8a9c96b191b0e6e30191bb143a4500b1,8a9c96b191b0e6e30191bb143b7300b2,1882.81,2,9000,30,2025-11-03 10:57:01.0
135,8a9c96b191b0e6e30191bb1524d502e3,8a9c96b191b0e6e30191bb1525ee02e6,1882.81,2,9000,30,2025-11-03 10:57:01.0
136,8a9c96b191b0e6e30191bb1887c612cc,8a9c96b191b0e6e30191bb1888e312d2,1882.81,2,9000,30,2025-11-03 10:57:01.0
137,8a9c96b191b0e6e30191bb19d8351ba1,8a9c96b191b0e6e30191bb19d9b91ba8,1882.81,2,9000,30,2025-11-03 10:57:01.0
138,8a9c96b191b0e6e30191bb1b7f4d299a,8a9c96b191b0e6e30191bb1b813829a2,1882.81,2,9000,30,2025-11-03 10:57:01.0
139,8a9c96b191b0e6e30191bb224f3956eb,8a9c96b191b0e6e30191bb22565656f5,1882.81,2,9000,30,2025-11-03 10:57:01.0
140,8a9c96b191b0e6e30191bb24e10762b9,8a9c96b191b0e6e30191bb24fd9562c8,1882.81,2,9000,30,2025-11-03 10:57:01.0
141,8a9c96b191bb33ab0191bb49b4e10478,8a9c96b191bb33ab0191bb4cedb10489,1442,2,30,30,2025-11-03 10:57:01.0
142,8a9c96b191d6246701920d2c3035005d,8a9c96b191d6246701920d2c31f3005e,,2,65,0,2025-11-03 10:57:01.0
143,8a9c96b191d6246701920d2c3035005d,8a9c96b191d6246701920d2c31fa005f,,2,95,0,2025-11-03 10:57:01.0
144,8a9c96b191d6246701920d2c3035005d,8a9c96b191d6246701920d2c32040060,,2,58,0,2025-11-03 10:57:01.0
145,8a9c96b191d6246701920d2c3035005d,8a9c96b191d6246701920d2c32080061,,2,104,0,2025-11-03 10:57:01.0
146,8a9c96b191d6246701920d2c3035005d,8a9c96b191d6246701920d2c32090062,,2,6,0,2025-11-03 10:57:01.0
147,8a9c96b191d6246701920d2c3035005d,8a9c96b191d6246701920d2c320d0063,,2,11,0,2025-11-03 10:57:01.0
148,8a9c96b191d6246701920d2c3035005d,8a9c96b191d6246701920d2c320e0064,,2,3,0,2025-11-03 10:57:01.0
149,8a9c96b191d6246701920d2c3035005d,8a9c96b191d6246701920d2c32180065,,2,6,0,2025-11-03 10:57:01.0
150,8a9c96b191d6246701920d2c3035005d,8a9c96b191d6246701920d2c32190066,,2,1,0,2025-11-03 10:57:01.0
151,8a9c96b1926b762d01926f506fe20343,8a9c96b1926b762d01926f5071180344,,,108,0,2025-11-03 10:57:01.0
152,8a9c96b1926b762d01926f506fe20343,8a9c96b1926b762d01926f50711d0345,,,108,0,2025-11-03 10:57:01.0
153,8a9c96b1926b762d01926f506fe20343,8a9c96b1926b762d01926f50711e0346,,,108,0,2025-11-03 10:57:01.0
154,8a9c96b1926b762d01926f506fe20343,8a9c96b1926b762d01926f5071200347,,,,,2025-11-03 10:57:01.0
155,8a9c96b1926b762d01926f506fe20343,8a9c96b1926b762d01926f5071210348,,2,,,2025-11-03 10:57:01.0
156,8a9c96b1926b762d0192701ea72e05c6,8a9c96b1926b762d0192701ea82105c7,,2,95,76,2025-11-03 10:57:01.0
157,8a9c96b1926b762d0192701ea72e05c6,8a9c96b1926b762d0192701ea82b05c8,,2,128,128,2025-11-03 10:57:01.0
158,8a9c96b1926b762d0192701ee48d06b0,8a9c96b1926b762d0192701ee58806b1,,2,95,76,2025-11-03 10:57:01.0
159,8a9c96b1926b762d0192701ee48d06b0,8a9c96b1926b762d0192701ee58806b2,,2,128,128,2025-11-03 10:57:01.0
160,8a9c96b18fc3e5ce018fc84fb3c00061,8a9c96b1926b762d01927a6061a52f04,26.83,2,56,0,2025-11-03 10:57:01.0
161,8a9c96b1926b762d019288e0ed383ccb,8a9c96b1926b762d019288f0eed13ce0,4669,3,,,2025-11-03 10:57:01.0
162,8a9c96b1926b762d019288e0ed383ccb,8a9c96b1926b762d019288f0ef2b3d27,3700,3,,,2025-11-03 10:57:01.0
163,8a9c96b1926b762d019288e0ed383ccb,8a9c96b1926b762d019288f0ef523d60,841,3,,,2025-11-03 10:57:01.0
164,8a9c96b1862b4d9601865d2242410b1b,8a9c96b1928db0aa01928dc2e9580015,845.22,3,,,2025-11-03 10:57:01.0
165,8a9c96b1928db0aa01928e2f66d20090,8a9c96b1928db0aa01928e45486a0095,2532.7,3,60,0,2025-11-03 10:57:01.0
166,8a9c96b1928db0aa01928e2f66d20090,8a9c96b1928db0aa01928e45490200d2,2607.32,3,112,0,2025-11-03 10:57:01.0
167,8a9c96b1928db0aa01928e2f66d20090,8a9c96b1928db0aa01928e4549fb0143,2516.32,3,60,0,2025-11-03 10:57:01.0
168,8a9c96b1928db0aa0192930f866c01b0,8a9c96b1928db0aa0192931795a50381,7098,3,,,2025-11-03 10:57:01.0
169,8a9c96b1928db0aa0192930f866c01b0,8a9c96b1928db0aa0192931797c5049a,5848,3,,,2025-11-03 10:57:01.0
170,8a9c96b192c398520192ff4dd0670977,8a9c96b192c398520192ff4dd1b30978,4294.26,2,96,0,2025-11-03 10:57:01.0
171,8a9c96b191090aea01911201efec0019,8a9c96b192c3985201932e1a72071254,,,,,2025-11-03 10:57:01.0
172,8a9c96b191090aea01911201efec0019,8a9c96b192c3985201932e1cd49d126d,,,,,2025-11-03 10:57:01.0
173,8a9c96b191090aea01911201efec0019,8a9c96b192c3985201932e20cf9a129e,,,,,2025-11-03 10:57:01.0
174,8a9c96b191090aea01911201efec0019,8a9c96b192c3985201932e217e1912a5,,,,,2025-11-03 10:57:01.0
175,8a9c96b191090aea01911201efec0019,8a9c96b192c3985201932e6df34c12b0,,,,,2025-11-03 10:57:01.0
176,8a9c96b191090aea01911201efec0019,8a9c96b192c3985201932e6ea19a12b7,,,,,2025-11-03 10:57:01.0
177,8a9c96b191090aea01911201efec0019,8a9c96b192c3985201932e6f007412bc,,,,,2025-11-03 10:57:01.0
178,8a9c96b191090aea01911201efec0019,8a9c96b192c3985201932e6f965b12c1,,,,,2025-11-03 10:57:01.0
179,8a9c96b191090aea01911201efec0019,8a9c96b192c3985201932e70946212d1,,,,,2025-11-03 10:57:01.0
180,8a9c96b191090aea01911201efec0019,8a9c96b192c3985201932e71345b12de,,,,,2025-11-03 10:57:01.0
181,8a9c96b1815c46f5018239f6817e0112,8a9c96b192c398520193438530ea1731,3097,2,,,2025-11-03 10:57:01.0
182,8a9c96b192c398520193676ed68320e6,8a9c96b192c398520193677450122117,8419.6,1,,,2025-11-03 10:57:01.0
183,8a9c96b192c3985201937046693028db,8a9c96b192c398520193704e05cd28dc,6332.97,,101,101,2025-11-03 10:57:01.0
184,8a9c96b191090aea01911201efec0019,8a9c96b19390649e019394be3dfe0256,,,,,2025-11-03 10:57:01.0
185,8a9c96b1904ce4b001906199e52c02c7,8a9c96b19390649e01939a51f69d171c,2072,2,,,2025-11-03 10:57:01.0
186,8a9c96b193b3fc8b0193b8761a1e0aeb,8a9c96b193b3fc8b0193b8761b960aec,5797.34,1,68,0,2025-11-03 10:57:01.0
187,8a9c96b193b3fc8b0193b8761a1e0aeb,8a9c96b193b3fc8b0193b8761b990aed,1538.04,2,48,48,2025-11-03 10:57:01.0
188,8a9c96b193b3fc8b0193b8761a1e0aeb,8a9c96b193b3fc8b0193b8761b9a0aee,5187.52,2,130,130,2025-11-03 10:57:01.0
189,8a9c96b193b3fc8b0193b8761a1e0aeb,8a9c96b193b3fc8b0193b8761b9e0aef,12368.28,2,286,285,2025-11-03 10:57:01.0
190,8a9c96b193b3fc8b0193b8761a1e0aeb,8a9c96b193b3fc8b0193b8761ba60af0,3302.08,2,84,84,2025-11-03 10:57:01.0
191,8a9c96b193b3fc8b0193b8761a1e0aeb,8a9c96b193b3fc8b0193b8761ba90af1,3302.08,2,84,84,2025-11-03 10:57:01.0
192,8a9c96b193b3fc8b0193b8761a1e0aeb,8a9c96b193b3fc8b0193b8761bae0af3,6115.8,1,72,0,2025-11-03 10:57:01.0
193,8a9c96b193b3fc8b0193b8761a1e0aeb,8a9c96b193b3fc8b0193b8761bb30af4,974.1,2,30,30,2025-11-03 10:57:01.0
194,8a9c96b193b3fc8b0193b8761a1e0aeb,8a9c96b193b3fc8b0193b8761bbe0af5,1611.46,1,19,0,2025-11-03 10:57:01.0
195,8a9c96b193b3fc8b0193b8761a1e0aeb,8a9c96b193b3fc8b0193b8761bc00af6,3302.08,2,84,84,2025-11-03 10:57:01.0
196,8a9c96b193b3fc8b0193b8761a1e0aeb,8a9c96b193b3fc8b0193b8761bc20af7,9553.62,2,210,210,2025-11-03 10:57:01.0
197,8a9c96b193b3fc8b0193b8761a1e0aeb,8a9c96b193b3fc8b0193b8761bc50af8,3067.13,2,72,72,2025-11-03 10:57:01.0
198,8a9c96b193b3fc8b0193b8761a1e0aeb,8a9c96b193b3fc8b0193b8761bce0af9,3302.08,2,84,84,2025-11-03 10:57:01.0
199,8a9c96b193b3fc8b0193b8761a1e0aeb,8a9c96b193b3fc8b0193b8761bd00afa,9553.62,2,220,220,2025-11-03 10:57:01.0
200,8a9c96b193b3fc8b0193b8761a1e0aeb,8a9c96b193b3fc8b0193b8761bd30afb,3302.08,2,84,84,2025-11-03 10:57:01.0
201,8a9c96b18fcd36e6018fcdd788fa0458,8a9c96b193b3fc8b0193b88c783b129d,,2,288,288,2025-11-03 10:57:01.0
202,8a9c96b18fcd36e6018fcdd788fa0458,8a9c96b193b3fc8b0193b88da80513e4,,2,288,288,2025-11-03 10:57:01.0
203,8a9c96b18fcd36e6018fcdd788fa0458,8a9c96b193b3fc8b0193b89af4d71541,,2,137,135,2025-11-03 10:57:01.0
204,8a9c96b18fcd36e6018fcdd788fa0458,8a9c96b193b8a0300193b8a75f850020,31.3,2,189,187,2025-11-03 10:57:01.0
205,8a9c96b193f640be0193f66a14440000,8a9c96b193f640be0193f66fec08002f,1727.17,1,,,2025-11-03 10:57:01.0
206,8a9c96b193f640be0193f692e86800a9,8a9c96b193f640be0193f76f658702cb,1727.17,1,38,38,2025-11-03 10:57:01.0
207,8a9c96b193f821ab0193fbcc24970001,8a9c96b193f821ab0193fbcc26320002,1727.17,1,38,38,2025-11-03 10:57:01.0
208,8a9c96b1953b5c6001954a7e40660010,8a9c96b1953b5c6001954b48f4180015,1000,2,1824,6,2025-11-03 10:57:01.0
209,8a9c96b1956f3f03019582d405bf0094,8a9c96b1956f3f03019582e304320098,2134.8,2,96,96,2025-11-03 10:57:01.0
210,8a9c96b1956f3f03019582d405bf0094,8a9c96b1956f3f03019582e655750111,2628.9,2,118,118,2025-11-03 10:57:01.0
211,8a9c96b1956f3f03019582d405bf0094,8a9c96b1956f3f03019582e9273d018a,2628.9,2,118,118,2025-11-03 10:57:01.0
212,8a9c96b195a421c40195ac11c429001b,8a9c96b195a421c40195ac165fbc0021,23000,1,286,286,2025-11-03 10:57:01.0
213,8a9c96b18fbe6b16018fc34561a83701,8a9c96b195dac764019647ea6ce60187,2821,2,,,2025-11-03 10:57:01.0
214,8a9c96b18fbe6b16018fc34561a83701,8a9c96b195dac764019647eb3b2301e8,235,2,,,2025-11-03 10:57:01.0
215,8a9c96b18fbe6b16018fc34561a83701,8a9c96b195dac764019647f082a30255,1466,2,,,2025-11-03 10:57:01.0
216,8a9c96b18fbe6b16018fc34561a83701,8a9c96b195dac764019647f1f0b402b6,3848,2,,,2025-11-03 10:57:01.0
217,8a9c96b18fbe6b16018fc34561a83701,8a9c96b195dac764019647f2bb790317,487,2,,,2025-11-03 10:57:01.0
218,8a9c96b18fbe6b16018fc34561a83701,8a9c96b195dac764019647f36ea20348,124,2,,,2025-11-03 10:57:01.0
219,8a9c96b18fbe6b16018fc34561a83701,8a9c96b195dac764019647f5f3f30370,331,2,,,2025-11-03 10:57:01.0
220,8a9c96b196eb7b8001977cee7e170464,8a9c96b196eb7b80019786dc874f0525,4856.67,2,,,2025-11-03 10:57:01.0
221,8a9c96b197c416b2019810e5b5f4027a,8a9c96b197c416b201981107dffe0296,6463.02,2,139,139,2025-11-03 10:57:01.0
222,8a9c96b197c416b2019810e5b5f4027a,8a9c96b197c416b2019811161e660334,6463.02,2,111,111,2025-11-03 10:57:01.0
223,8a9c96b197c416b20198121f9aed061e,8a9c96b197c416b20198121f9d130620,6463.02,2,139,139,2025-11-03 10:57:01.0
224,8a9c96b197c416b20198121f9aed061e,8a9c96b197c416b20198121f9d1a0621,6463.02,2,111,111,2025-11-03 10:57:01.0
225,8a9c96b1981b0f5401982a8ac02609e1,8a9c96b1981b0f5401982ab0bd200a55,718.29,5,,,2025-11-03 10:57:01.0
226,8a9c96b1981b0f5401982a8ac02609e1,8a9c96b1981b0f5401982ab814630a72,271.81,5,,,2025-11-03 10:57:01.0
227,8a9c96b1981b0f5401982a8ac02609e1,8a9c96b1981b0f5401982abb7ef60a85,543.9,5,,,2025-11-03 10:57:01.0
228,8a9c96b1981b0f5401982ac153930ac4,8a9c96b1981b0f5401982aca15110b01,1815.12,5,,,2025-11-03 10:57:01.0
229,8a9c96b1981b0f5401982ac153930ac4,8a9c96b1981b0f5401982acaa15b0b32,804.36,5,,,2025-11-03 10:57:01.0
230,8a9c96b1981b0f5401982ac153930ac4,8a9c96b1981b0f5401982acb2abe0b43,745.68,5,,,2025-11-03 10:57:01.0
231,8a9c96b1982c6ce10198469d5c360741,8a9c96b1982c6ce1019846a4179d074f,,2,70,50,2025-11-03 10:57:01.0
232,8a9c96b1982c6ce10198469d5c360741,8a9c96b1982c6ce1019846a4b7c80797,,2,42,42,2025-11-03 10:57:01.0
233,8a9c96b1982c6ce101984f3237b2085a,8a9c96b1982c6ce101984f323990085c,,2,70,70,2025-11-03 10:57:01.0
234,8a9c96b1982c6ce101984f3237b2085a,8a9c96b1982c6ce101984f3239a7085d,,2,42,42,2025-11-03 10:57:01.0
235,8a9c96b195b6ba200195c6e191ca010c,8a9c96b1982c6ce101985561535316c5,,2,175,175,2025-11-03 10:57:01.0
236,8a9c96b195b6ba200195c6e191ca010c,8a9c96b1982c6ce10198556394ad179d,,2,133,133,2025-11-03 10:57:01.0
237,8a9c96b1982c6ce101985e20cbdd216e,8a9c96b1982c6ce101985e3beed2242a,1200,3,24,24,2025-11-03 10:57:01.0
238,8a9c96b1982c6ce101985e20cbdd216e,8a9c96b1982c6ce101985e3beefe2443,2400,3,30,0,2025-11-03 10:57:01.0
239,8a9c96b1982c6ce101985e20cbdd216e,8a9c96b1982c6ce101985e3bef352462,810,3,17,17,2025-11-03 10:57:01.0
240,8a9c96b1982c6ce101985e20cbdd216e,8a9c96b1982c6ce101985e3bef522475,3000,3,49,49,2025-11-03 10:57:01.0
241,8a9c96b18fce4a58018fce5bc61c0000,8a9c96b1990e5b8701991394073601b4,83.28,1,5,0,2025-11-03 10:57:01.0
242,8a9c96b18fce4a58018fce5bc61c0000,8a9c96b1990e5b87019913a5a4da01e0,83.29,1,7,0,2025-11-03 10:57:01.0
243,8a9c96b1990e5b8701993127a09d0bdb,8a9c96b1990e5b870199312db75b0bdd,,1,160,160,2025-11-03 10:57:01.0
244,8a9c96b1990e5b8701993127a09d0bdb,8a9c96b1990e5b870199312e9f110c7f,,1,160,160,2025-11-03 10:57:01.0
245,8a9c96b1990e5b8701993127a09d0bdb,8a9c96b1990e5b870199312ffe550d2b,,1,240,240,2025-11-03 10:57:01.0
246,8a9c96b1994c614c01994cc14c070084,8a9c96b1994c614c01994cc25de7008b,2821.05,2,,,2025-11-03 10:57:01.0
247,8a9c96b1994c614c01994c67a1390003,8a9c96b19950a822019951877a8a0058,1710.81,3,,,2025-11-03 10:57:01.0
248,8a9c96b19950a82201995b6e1560058f,8a9c96b19950a82201995b70496805b2,1156,3,,,2025-11-03 10:57:01.0
249,8a9c96b19950a82201995bda79d90625,8a9c96b19950a82201995f928352066c,2259.16,3,,,2025-11-03 10:57:01.0
250,8a9c96b199609bdd0199610fa2970022,8a9c96b199609bdd019961175aed002a,5498.93,1,60,0,2025-11-03 10:57:01.0
251,8a9c96b199609bdd0199610fa2970022,8a9c96b199609bdd01996119db9e006f,14874.61,1,144,144,2025-11-03 10:57:01.0
252,8a9c96b199609bdd0199610fa2970022,8a9c96b199609bdd0199611b1ace0101,8276.74,1,315,315,2025-11-03 10:57:01.0
253,8a9c96b199609bdd0199610fa2970022,8a9c96b199609bdd0199611c4697023e,14863.82,1,336,336,2025-11-03 10:57:01.0
254,8a9c96b199609bdd0199610fa2970022,8a9c96b199609bdd0199611d5d460390,10787.68,1,273,273,2025-11-03 10:57:01.0
255,8a9c96b199609bdd0199610fa2970022,8a9c96b199609bdd0199611e696d04a3,5450.61,1,60,0,2025-11-03 10:57:01.0
256,8a9c96b199614b5e01997583044c397b,8a9c96b199614b5e019975830791397d,5498.93,1,60,0,2025-11-03 10:57:01.0
257,8a9c96b180db140c0180ee8429e715cd,8a9c96b180db140c0180ee8a89b615de,3741,2,104,104,2025-11-03 10:57:01.0
258,8a9c96b180db140c0180f39cad1918ca,8a9c96b180db140c0180f39cad3c18cb,1807,1,34,0,2025-11-03 10:57:01.0
259,8a9c96b180f581b40181043d921f00bb,8a9c96b180f581b40181043d928000bc,3236,2,89,0,2025-11-03 10:57:01.0
260,8a9c96b180f581b401810447fa320192,8a9c96b180f581b401810447fa820193,4467,2,78,0,2025-11-03 10:57:01.0
261,8a9c96b18123c5ac01813714954c0636,8a9c96b18123c5ac01813714957d0637,3184,2,96,0,2025-11-03 10:57:01.0
262,8a9c96b18123c5ac01813721b3d406ce,8a9c96b18123c5ac01813721b40506cf,2758,2,50,0,2025-11-03 10:57:01.0
263,8a9c96b18123c5ac01814743a203088d,8a9c96b18123c5ac01814744ed4808a6,41666,2,95,0,2025-11-03 10:57:01.0
264,8a9c96b18123c5ac0181476a70670980,8a9c96b18123c5ac0181476c5860098e,,2,95,0,2025-11-03 10:57:01.0
265,8a9c96b18123c5ac0181476a70670980,8a9c96b18123c5ac0181476e989309f4,,2,128,0,2025-11-03 10:57:01.0
266,8a9c96b1815c46f5018239f6817e00ee,8a9c96b1815c46f5018252136df10159,,,150,0,2025-11-03 10:57:01.0
267,8a9c96b1815c46f5018239f6817e00ef,8a9c96b1815c46f501825215a02b01f0,,,5,0,2025-11-03 10:57:01.0
268,8a9c96b1815c46f5018239f6817e00ef,8a9c96b1815c46f5018252161b2f0371,,,17,0,2025-11-03 10:57:01.0
269,8a9c96b1815c46f5018239f6817e00ef,8a9c96b1815c46f501825218ade004f2,,,22,0,2025-11-03 10:57:01.0
270,8a9c96b1815c46f5018239f6817e00ef,8a9c96b1815c46f50182521938a30673,,,0,0,2025-11-03 10:57:01.0
271,8a9c96b1815c46f5018239f6817e00ef,8a9c96b1815c46f50182521ce60407f4,,,13,0,2025-11-03 10:57:01.0
272,8a9c96b1815c46f5018239f6817e00ef,8a9c96b1815c46f50182521d3d460975,,,4,0,2025-11-03 10:57:01.0
273,8a9c96b1815c46f5018239f6817e00ef,8a9c96b1815c46f50182521d92a60af6,,,5,0,2025-11-03 10:57:01.0
274,8a9c96b1815c46f5018239f6817e00ef,8a9c96b1815c46f50182521dfe480c77,,,38,0,2025-11-03 10:57:01.0
275,8a9c96b1815c46f5018239f6817e00ef,8a9c96b1815c46f50182521e53730df8,,,11,0,2025-11-03 10:57:01.0
276,8a9c96b1815c46f5018239f6817e00f2,8a9c96b1815c46f5018252204bce0f79,,,108,0,2025-11-03 10:57:01.0
277,8a9c96b1815c46f5018239f6817e00f2,8a9c96b1815c46f5018252208f441040,,,198,0,2025-11-03 10:57:01.0
278,8a9c96b1815c46f5018239f6817e00f2,8a9c96b1815c46f501825220eef81107,,,198,0,2025-11-03 10:57:01.0
279,8a9c96b1815c46f5018239f6817e00f2,8a9c96b1815c46f50182522139a511ce,,,198,0,2025-11-03 10:57:01.0
280,8a9c96b1815c46f5018239f6817e00f2,8a9c96b1815c46f50182522185791295,,,198,0,2025-11-03 10:57:01.0
281,8a9c96b1815c46f5018239f6817e00f2,8a9c96b1815c46f501825222339b135c,,,198,0,2025-11-03 10:57:01.0
282,8a9c96b1815c46f5018239f6817e00f2,8a9c96b1815c46f501825222934d1423,,,30,0,2025-11-03 10:57:01.0
283,8a9c96b1815c46f5018239f6817e00f2,8a9c96b1815c46f501825222e6f414ea,,,18,0,2025-11-03 10:57:01.0
284,8a9c96b18345b3380183687d7a7f01d8,8a9c96b18345b3380183687fa46501e8,4166,2,95,95,2025-11-03 10:57:01.0
285,8a9c96b183c14cd20184b1a532c5001d,8a9c96b183c14cd20184b1a840ba0022,,2,52,0,2025-11-03 10:57:01.0
286,8a9c96b183c14cd20184b1bbb3ff008f,8a9c96b183c14cd20184b1bdf11c0094,392.36,,5,2,2025-11-03 10:57:01.0
287,8a9c96b183c14cd20184b1e5e6630101,8a9c96b183c14cd20184b1eb30aa010a,11870.28,,145,0,2025-11-03 10:57:01.0
288,8a9c96b183c14cd20184b1a532c5001d,8a9c96b183c14cd20184b1ed259e01a2,,2,52,0,2025-11-03 10:57:01.0
289,8a9c96b183c14cd20184b1a532c5001d,8a9c96b183c14cd20184b1f5d7a00218,,2,104,0,2025-11-03 10:57:01.0
290,8a9c96b183c14cd20184b1a532c5001d,8a9c96b183c14cd20184b1fbeeb60285,,2,104,0,2025-11-03 10:57:01.0
291,8a9c96b183c14cd20184b1a532c5001d,8a9c96b183c14cd20184b1fdae2f02f2,,2,108,0,2025-11-03 10:57:01.0
292,8a9c96b183c14cd20184b1a532c5001d,8a9c96b183c14cd20184b1ff5b360363,,2,108,0,2025-11-03 10:57:01.0
293,8a9c96b183c14cd20184b1a532c5001d,8a9c96b183c14cd20184b200dde703d4,,2,108,0,2025-11-03 10:57:01.0
294,8a9c96b183c14cd20184b1a532c5001d,8a9c96b183c14cd20184b202056b0445,,2,108,0,2025-11-03 10:57:01.0
295,8a9c96b183c14cd20184b1e5e6630101,8a9c96b183c14cd20184b28badfa04c4,5117.34,,58,0,2025-11-03 10:57:01.0
296,8a9c96b183c14cd20184b1e5e6630101,8a9c96b183c14cd20184b29ad04a055b,8682.85,,104,0,2025-11-03 10:57:01.0
297,8a9c96b183c14cd20184b2ec94670803,8a9c96b183c14cd20184b2ef3d000808,,2,97,2,2025-11-03 10:57:01.0
298,8a9c96b183c14cd20184b2fda10008ce,8a9c96b183c14cd20184b3039f2108d6,1336.23,,16,0,2025-11-03 10:57:01.0
299,8a9c96b183c14cd20184b2ec94670803,8a9c96b183c14cd20184b30b57240943,,2,105,1,2025-11-03 10:57:01.0
300,8a9c96b183c14cd20184b2fda10008ce,8a9c96b183c14cd20184b3155a2d0a04,1671.58,,20,0,2025-11-03 10:57:01.0
301,8a9c96b183c14cd20184b2fda10008ce,8a9c96b183c14cd20184b3216eeb0a60,1345.98,,16,0,2025-11-03 10:57:01.0
302,8a9c96b183c14cd20184b2fda10008ce,8a9c96b183c14cd20184b328bf300aaa,1551.81,,30,29,2025-11-03 10:57:01.0
303,8a9c96b183c14cd20184b2ec94670803,8a9c96b183c14cd20184b330d42b0af4,,2,65,1,2025-11-03 10:57:01.0
304,8a9c96b183c14cd20184b2ec94670803,8a9c96b183c14cd20184b34cd8ab0b80,,2,58,0,2025-11-03 10:57:01.0
305,8a9c96b183c14cd20184b2ec94670803,8a9c96b183c14cd20184b351f7a30bf6,,2,6,0,2025-11-03 10:57:01.0
306,8a9c96b183c14cd20184b2ec94670803,8a9c96b183c14cd20184b36635d80cec,,2,3,1,2025-11-03 10:57:01.0
307,8a9c96b183c14cd20184b2ec94670803,8a9c96b183c14cd20184b36baf160d47,,2,1,0,2025-11-03 10:57:01.0
308,8a9c96b183c14cd20184b2ec94670803,8a9c96b183c14cd20184b36e583e0d63,,2,11,0,2025-11-03 10:57:01.0
309,8a9c96b184b43c6f0184bb3fcada0007,8a9c96b184b43c6f0184bb4295b60008,13553.28,1,198,0,2025-11-03 10:57:01.0
310,8a9c96b184b43c6f0184bb3cdddf0006,8a9c96b184b43c6f0184bb48c6ec0130,12071.64,1,176,0,2025-11-03 10:57:01.0
311,8a9c96b184b43c6f0184bb2b18e40000,8a9c96b184b43c6f0184bb4b466101e1,5797.34,1,68,0,2025-11-03 10:57:01.0
312,8a9c96b184b43c6f0184bb2b18e40000,8a9c96b184b43c6f0184bb4f5bb6022a,1611.46,1,19,0,2025-11-03 10:57:01.0
313,8a9c96b184b43c6f0184bb2b18e40000,8a9c96b184b43c6f0184bb50f819023f,6115.8,1,72,0,2025-11-03 10:57:01.0
314,8a9c96b184b43c6f0184cb8fe46802a4,8a9c96b184b43c6f0184cb91ae8b02a6,1872.8,2,39,0,2025-11-03 10:57:01.0
315,8a9c96b18259ab56018259c69cee0000,8a9c96b184b43c6f0184dff0824c045c,3367,2,75,0,2025-11-03 10:57:01.0
316,8a9c96b184b43c6f0184e058c9120564,8a9c96b184b43c6f0184e058d686056d,3367,2,49,49,2025-11-03 10:57:01.0
317,8a9c96b184b43c6f0184e1093c3d0a4f,8a9c96b184b43c6f0184e10bc75d0a66,550,2,16,16,2025-11-03 10:57:01.0
318,8a9c96b184b43c6f0184e1093c3d0a4f,8a9c96b184b43c6f0184e10cc8710a7a,789.4,2,25,25,2025-11-03 10:57:01.0
319,8a9c96b184b43c6f0184e142a1b0163c,8a9c96b184b43c6f0184e142a239163d,2753.7,2,50,50,2025-11-03 10:57:01.0
320,8a9c96b184b43c6f0184e0f5eab70a42,8a9c96b184b43c6f0184e1cfd1981707,1186.6,3,33,33,2025-11-03 10:57:01.0
321,8a9c96b184b43c6f0184e0f5eab70a42,8a9c96b184b43c6f0184e1d1a69f1735,659.14,1,34,34,2025-11-03 10:57:01.0
322,8a9c96b184ea5f2001850ebbd8dc05dc,8a9c96b184ea5f2001850eca297f05ec,7319.82,2,,,2025-11-03 10:57:01.0
323,8a9c96b184ea5f2001850ebbd8dc05dc,8a9c96b184ea5f2001850eca2af60689,7319.82,2,,,2025-11-03 10:57:01.0
324,8a9c96b184ea5f2001850ebbd8dc05dc,8a9c96b184ea5f2001850eca2d380726,7319.82,2,,,2025-11-03 10:57:01.0
325,8a9c96b185191d310185952a26cd06ea,8a9c96b185191d310185952a271506eb,1143.39,2,20,20,2025-11-03 10:57:01.0
326,8a9c96b185191d310185952a26cd06ea,8a9c96b185191d310185952a271906ec,1295.78,2,24,24,2025-11-03 10:57:01.0
327,8a9c96b184b43c6f0184bb2b18e40000,8a9c96b185191d3101859590ddf60952,5797.34,2,40,0,2025-11-03 10:57:01.0
328,8a9c96b185191d310185952a26cd06ea,8a9c96b185191d31018595b031ae09a0,844,2,16,16,2025-11-03 10:57:01.0
329,8a9c96b185191d3101859965f3330a27,8a9c96b185191d3101859965f3720a28,7319.82,2,154,154,2025-11-03 10:57:01.0
330,8a9c96b185191d3101859965f3330a27,8a9c96b185191d3101859965f3890a29,7319.82,2,154,154,2025-11-03 10:57:01.0
331,8a9c96b185191d3101859965f3330a27,8a9c96b185191d3101859965f3a10a2a,7319.82,2,154,154,2025-11-03 10:57:01.0
332,8a9c96b185191d310185996674780ab9,8a9c96b185191d3101859966773b0abe,7319.82,2,154,154,2025-11-03 10:57:01.0
333,8a9c96b185191d310185996674780ab9,8a9c96b185191d310185996677460abf,7319.82,2,154,154,2025-11-03 10:57:01.0
334,8a9c96b185191d310185996674780ab9,8a9c96b185191d310185996678a40ac4,7319.82,2,154,154,2025-11-03 10:57:01.0
335,8a9c96b185191d3101859966d2f70b43,8a9c96b185191d3101859966d8ee0b49,7319.82,2,154,154,2025-11-03 10:57:01.0
336,8a9c96b185191d3101859966d2f70b43,8a9c96b185191d3101859966d8f90b4a,7319.82,2,154,154,2025-11-03 10:57:01.0
337,8a9c96b185191d3101859966d2f70b43,8a9c96b185191d3101859966e10c0b54,7319.82,2,154,154,2025-11-03 10:57:01.0
338,8a9c96b185191d3101859966e1930b57,8a9c96b185191d3101859966fd590b6d,7319.82,2,154,154,2025-11-03 10:57:01.0
339,8a9c96b185191d3101859966e1930b57,8a9c96b185191d3101859966fd620b6e,7319.82,2,154,154,2025-11-03 10:57:01.0
340,8a9c96b185191d3101859966e1930b57,8a9c96b185191d3101859966fd6b0b6f,7319.82,2,154,154,2025-11-03 10:57:01.0
341,8a9c96b185191d310185996793120c09,8a9c96b185191d3101859967a5fe0c19,7319.82,2,154,154,2025-11-03 10:57:01.0
342,8a9c96b185191d310185996793120c09,8a9c96b185191d3101859967a6070c1a,7319.82,2,154,154,2025-11-03 10:57:01.0
343,8a9c96b185191d310185996793120c09,8a9c96b185191d3101859967a60f0c1b,7319.82,2,154,154,2025-11-03 10:57:01.0
344,8a9c96b185191d3101859967e21e0c4e,8a9c96b185191d310185996813490c61,7319.82,2,154,154,2025-11-03 10:57:01.0
345,8a9c96b185191d3101859967e21e0c4e,8a9c96b185191d3101859968136e0c62,7319.82,2,154,154,2025-11-03 10:57:01.0
346,8a9c96b185191d3101859967e21e0c4e,8a9c96b185191d310185996813a20c63,7319.82,2,154,154,2025-11-03 10:57:01.0
347,8a9c96b185191d310185996926410d02,8a9c96b185191d310185996966630d16,7319.82,2,154,154,2025-11-03 10:57:01.0
348,8a9c96b185191d310185996926410d02,8a9c96b185191d3101859969666d0d17,7319.82,2,154,154,2025-11-03 10:57:01.0
349,8a9c96b185a3db4d0185b87ed43e7569,8a9c96b185a3db4d0185b87ed4a4756a,7319.82,2,154,154,2025-11-03 10:57:01.0
350,8a9c96b185a3db4d0185b87ed43e7569,8a9c96b185a3db4d0185b87ed4bb756b,7319.82,2,154,154,2025-11-03 10:57:01.0
351,8a9c96b185a3db4d0185b87ed43e7569,8a9c96b185a3db4d0185b87ed4c4756c,7319.82,2,154,154,2025-11-03 10:57:01.0
352,8a9c96b185a3db4d0185b87f43bc7625,8a9c96b185a3db4d0185b87f47f4762a,7319.82,2,154,154,2025-11-03 10:57:01.0
353,8a9c96b185a3db4d0185b87f43bc7625,8a9c96b185a3db4d0185b87f4813762b,7319.82,2,154,154,2025-11-03 10:57:01.0
354,8a9c96b185a3db4d0185b87f43bc7625,8a9c96b185a3db4d0185b87f481d762c,7319.82,2,154,154,2025-11-03 10:57:01.0
355,8a9c96b185a3db4d0185b87f82cd7685,8a9c96b185a3db4d0185b87f937f7691,7319.82,2,154,154,2025-11-03 10:57:01.0
356,8a9c96b185a3db4d0185b87f82cd7685,8a9c96b185a3db4d0185b87f93a37692,7319.82,2,154,154,2025-11-03 10:57:01.0
357,8a9c96b185a3db4d0185b87f82cd7685,8a9c96b185a3db4d0185b87f93bb7693,7319.82,2,154,154,2025-11-03 10:57:01.0
358,8a9c96b185a3db4d0185b87fbcf976be,8a9c96b185a3db4d0185b87fcec876d0,7319.82,2,154,154,2025-11-03 10:57:01.0
359,8a9c96b185a3db4d0185b87fbcf976be,8a9c96b185a3db4d0185b87fcf3f76d1,7319.82,2,154,154,2025-11-03 10:57:01.0
360,8a9c96b185a3db4d0185b87fbcf976be,8a9c96b185a3db4d0185b87fcfe076d2,7319.82,2,154,154,2025-11-03 10:57:01.0
361,8a9c96b185a3db4d0185b87ffaca76fb,8a9c96b185a3db4d0185b8801714770b,7319.82,2,154,154,2025-11-03 10:57:01.0
362,8a9c96b185a3db4d0185b87ffaca76fb,8a9c96b185a3db4d0185b8801723770c,7319.82,2,154,154,2025-11-03 10:57:01.0
363,8a9c96b185a3db4d0185b87ffaca76fb,8a9c96b185a3db4d0185b880172b770d,7319.82,2,154,154,2025-11-03 10:57:01.0
364,8a9c96b185a3db4d0185b87fffe57704,8a9c96b185a3db4d0185b8803f51771f,7319.82,2,154,154,2025-11-03 10:57:01.0
365,8a9c96b185a3db4d0185b87fffe57704,8a9c96b185a3db4d0185b8803f7d7720,7319.82,2,154,154,2025-11-03 10:57:01.0
366,8a9c96b185a3db4d0185b87fffe57704,8a9c96b185a3db4d0185b8803fd37721,7319.82,2,154,154,2025-11-03 10:57:01.0
367,8a9c96b185a3db4d0185b8827c807831,8a9c96b185a3db4d0185b882bc0c7846,7319.82,2,154,154,2025-11-03 10:57:01.0
368,8a9c96b185a3db4d0185b8827c807831,8a9c96b185a3db4d0185b882bc227847,7319.82,2,154,154,2025-11-03 10:57:01.0
369,8a9c96b185bd91100185edda55c95723,8a9c96b185bd91100185edddc3825725,2086.4,2,20,0,2025-11-03 10:57:01.0
370,8a9c96b185bd91100185edda55c95723,8a9c96b185bd91100185f5f7173e57ce,3189.54,2,30,0,2025-11-03 10:57:01.0
371,8a9c96b185bd91100185edda55c95723,8a9c96b185bd91100185f621d9fe5990,3136.39,2,32,0,2025-11-03 10:57:01.0
372,8a9c96b185bd91100185edda55c95723,8a9c96b185bd91100185f65de77d5b1f,4203.05,2,40,0,2025-11-03 10:57:01.0
373,8a9c96b185bd91100185f677b1745b90,8a9c96b185bd91100185f677b1a55b91,1147.9,,10,0,2025-11-03 10:57:01.0
374,8a9c96b185bd91100185f677d9cc5b9c,8a9c96b185bd91100185f677d9fa5b9d,238.38,,2,0,2025-11-03 10:57:01.0
375,8a9c96b185bd91100185f677d9cc5b9c,8a9c96b185bd91100185f677d9ff5b9e,120.13,,1,0,2025-11-03 10:57:01.0
376,8a9c96b185bd91100185f677d9cc5b9c,8a9c96b185bd91100185f677da005b9f,204.84,,2,0,2025-11-03 10:57:01.0
377,8a9c96b185bd91100185f677d9cc5b9c,8a9c96b185bd91100185f677da045ba0,783.79,,5,0,2025-11-03 10:57:01.0
378,8a9c96b185bd91100185f677fa0d5bb3,8a9c96b185bd91100185f677fa3a5bb4,5368.43,,53,0,2025-11-03 10:57:01.0
379,8a9c96b185bd91100185f677fa0d5bb3,8a9c96b185bd91100185f677fa3a5bb5,3825.13,,38,0,2025-11-03 10:57:01.0
380,8a9c96b185bd91100185f677fa0d5bb3,8a9c96b185bd91100185f677fa3a5bb6,250.8,,2,0,2025-11-03 10:57:01.0
381,8a9c96b185bd91100185f678f4845c19,8a9c96b185bd91100185f678f4b05c1a,3000,3,50,40,2025-11-03 10:57:01.0
382,8a9c96b185bd91100185f6e000bd5c68,8a9c96b185bd91100185f6f77f275c6d,303.33,2,3,0,2025-11-03 10:57:01.0
383,8a9c96b185bd91100185f6e000bd5c68,8a9c96b185bd91100185f71ade425c9e,212.46,2,2,0,2025-11-03 10:57:01.0
384,8a9c96b185bd91100185f6e000bd5c68,8a9c96b185bd91100185f721e47e5ca9,616.64,2,6,0,2025-11-03 10:57:01.0
385,8a9c96b185bd91100185f7785ed35d00,8a9c96b185bd91100185f7785f0a5d01,7319.82,2,154,154,2025-11-03 10:57:01.0
386,8a9c96b185bd91100185f7785ed35d00,8a9c96b185bd91100185f7785f155d02,7319.82,2,154,154,2025-11-03 10:57:01.0
387,8a9c96b185bd91100185f7785ed35d00,8a9c96b185bd91100185f7785f205d03,7319.82,2,154,154,2025-11-03 10:57:01.0
388,8a9c96b185bd91100185f74d32425cee,8a9c96b185bd91100185f77a72035f70,299.32,2,4,2,2025-11-03 10:57:01.0
389,8a9c96b185bd91100185f677d9cc5b9c,8a9c96b185bd91100185f7889478615c,,,1,0,2025-11-03 10:57:01.0
390,8a9c96b185bd91100185c802c47e52f4,8a9c96b185bd91100185faf89d286162,76.95,2,1,0,2025-11-03 10:57:01.0
391,8a9c96b185bd91100185c802c47e52f4,8a9c96b185bd91100185fafaa3336167,76.95,2,1,0,2025-11-03 10:57:01.0
392,8a9c96b185bd91100185c802c47e52f4,8a9c96b185bd91100185fafc6fab6188,66.17,2,1,1,2025-11-03 10:57:01.0
393,8a9c96b185bd91100185c802c47e52f4,8a9c96b185bd91100185fb04742a61b4,761.34,2,11,11,2025-11-03 10:57:01.0
394,8a9c96b185bd91100185c802c47e52f4,8a9c96b185bd91100185fb12f564623a,140.6,2,2,0,2025-11-03 10:57:01.0
395,8a9c96b185bd91100185c802c47e52f4,8a9c96b185bd91100185fb155f8b6262,167.28,2,2,0,2025-11-03 10:57:01.0
396,8a9c96b185bd91100185fb50eb5463d1,8a9c96b185bd91100185fb662d6d6417,354.5,2,5,0,2025-11-03 10:57:01.0
397,8a9c96b185bd91100185fb50eb5463d1,8a9c96b185bd91100185fc40c1355a20,1218.25,2,17,0,2025-11-03 10:57:01.0
398,8a9c96b185bd91100185fca4f3a65d74,8a9c96b185bd91100185fcbd63765da3,568.95,2,6,0,2025-11-03 10:57:01.0
399,8a9c96b185bd91100185fca4f3a65d74,8a9c96b185bd91100185fcdc0f475db9,1067.17,2,11,0,2025-11-03 10:57:01.0
400,8a9c96b185bd91100185fca4f3a65d74,8a9c96b185bd911001860024b9ee5e45,1634.12,2,12,0,2025-11-03 10:57:01.0
401,8a9c96b185bd91100185fca4f3a65d74,8a9c96b185bd9110018600336cbe5e81,842.38,2,8,0,2025-11-03 10:57:01.0
402,8a9c96b185bd91100185fca4f3a65d74,8a9c96b185bd91100186004495da5e9e,797.76,2,8,0,2025-11-03 10:57:01.0
403,8a9c96b185bd91100185fca4f3a65d74,8a9c96b185bd91100186005dabc05f8b,402.3,2,3,0,2025-11-03 10:57:01.0
404,8a9c96b185bd91100185fca4f3a65d74,8a9c96b185bd91100186006a81de6090,383.28,2,3,0,2025-11-03 10:57:01.0
405,8a9c96b185bd9110018600a19f286863,8a9c96b185bd9110018600a2c5df68a7,,1,26,0,2025-11-03 10:57:01.0
406,8a9c96b185bd911001860172b2846ac1,8a9c96b185bd911001860174103f6ac3,,1,14,0,2025-11-03 10:57:01.0
407,8a9c96b185bd9110018600a19f286863,8a9c96b185bd91100186019016296b6a,,1,37,0,2025-11-03 10:57:01.0
408,8a9c96b185bd91100186021786ef6e05,8a9c96b185bd91100186021787406e06,12420.6,2,30,0,2025-11-03 10:57:01.0
409,8a9c96b185bd9110018605c122bf737f,8a9c96b185bd9110018605c122f97380,1486.09,2,11,0,2025-11-03 10:57:01.0
410,8a9c96b185bd9110018605c122bf737f,8a9c96b185bd9110018605c122f97381,3238.46,2,24,0,2025-11-03 10:57:01.0
411,8a9c96b185bd9110018605c122bf737f,8a9c96b185bd9110018605c122fd7382,2214.86,2,17,0,2025-11-03 10:57:01.0
412,8a9c96b185bd911001860681cae57634,8a9c96b185bd9110018606867ba07646,,2,84,84,2025-11-03 10:57:01.0
413,8a9c96b185bd91100185fb50eb5463d1,8a9c96b185bd9110018606899eaf76a2,1615.99,2,22,0,2025-11-03 10:57:01.0
414,8a9c96b185bd9110018606e35f4e7c4a,8a9c96b185bd9110018606e35f9e7c4b,2658.32,2,2,0,2025-11-03 10:57:01.0
415,8a9c96b185bd9110018606e35f4e7c4a,8a9c96b185bd9110018606e35f9f7c4c,3869.92,2,15,0,2025-11-03 10:57:01.0
416,8a9c96b185bd9110018606e35f4e7c4a,8a9c96b185bd9110018606e35fa27c4d,4376.16,2,9,0,2025-11-03 10:57:01.0
417,8a9c96b185bd9110018606e35f4e7c4a,8a9c96b185bd9110018606e35fa37c4e,6028.4,2,2,0,2025-11-03 10:57:01.0
418,8a9c96b185bd9110018606e545e37c7d,8a9c96b185bd9110018606e546267c7e,10706.64,2,136,2,2025-11-03 10:57:01.0
419,8a9c96b185bd9110018606c961017bf1,8a9c96b185bd9110018607061d2b0946,2167.74,2,13,0,2025-11-03 10:57:01.0
420,8a9c96b185bd9110018606c961017bf1,8a9c96b185bd9110018607061d64095f,2821.8,2,15,0,2025-11-03 10:57:01.0
421,8a9c96b185bd91100186073377fe0ab4,8a9c96b185bd911001860733783c0ab5,5542.41,2,57,0,2025-11-03 10:57:01.0
422,8a9c96b185bd91100186073377fe0ab4,8a9c96b185bd91100186073378400ab6,5045.16,2,53,0,2025-11-03 10:57:01.0
423,8a9c96b185bd91100186073377fe0ab4,8a9c96b185bd91100186073378450ab7,7065.8,2,36,0,2025-11-03 10:57:01.0
424,8a9c96b185bd91100186073377fe0ab4,8a9c96b185bd911001860733784a0ab8,7068.28,2,72,0,2025-11-03 10:57:01.0
425,8a9c96b185bd91100186073377fe0ab4,8a9c96b185bd911001860733784e0ab9,3631.37,1,39,0,2025-11-03 10:57:01.0
426,8a9c96b185bd91100186073377fe0ab4,8a9c96b185bd911001860733785b0aba,6759.72,2,69,0,2025-11-03 10:57:01.0
427,8a9c96b185bd91100186073377fe0ab4,8a9c96b185bd911001860733785b0abb,6953.84,2,71,0,2025-11-03 10:57:01.0
428,8a9c96b185bd91100186073377fe0ab4,8a9c96b185bd91100186073378660abc,6874.95,2,70,0,2025-11-03 10:57:01.0
429,8a9c96b185bd911001860a71b9ad12ba,8a9c96b185bd911001860a71b9f112bb,1400,3,32,32,2025-11-03 10:57:01.0
430,8a9c96b185bd911001860a71b9ad12ba,8a9c96b185bd911001860a71b9f912bc,2420,3,40,0,2025-11-03 10:57:01.0
431,8a9c96b185bd911001860a71b9ad12ba,8a9c96b185bd911001860a71ba0112bd,1129,3,24,24,2025-11-03 10:57:01.0
432,8a9c96b185bd911001860a71b9ad12ba,8a9c96b185bd911001860a71ba0312be,436.47,3,10,10,2025-11-03 10:57:01.0
433,8a9c96b185bd91100185fb50eb5463d1,8a9c96b185bd911001860f92980616d6,935.64,2,13,0,2025-11-03 10:57:01.0
434,8a9c96b185bd91100185fb50eb5463d1,8a9c96b185bd911001860fbc356e17df,330.7,2,4,0,2025-11-03 10:57:01.0
435,8a9c96b185bd91100185fb50eb5463d1,8a9c96b185bd911001860fc34e961808,413.39,2,5,0,2025-11-03 10:57:01.0
436,8a9c96b1862b4d960186748ca6b2138d,8a9c96b1862b4d960186748ca713138e,7929,2,96,0,2025-11-03 10:57:01.0
437,8a9c96b1862b4d9601867719e94d1471,8a9c96b1862b4d9601867ceb47441913,1417.25,2,25,17,2025-11-03 10:57:01.0
438,8a9c96b1862b4d9601867d568b8f19f1,8a9c96b1862b4d9601867d568bf719f2,3181.77,3,42,21,2025-11-03 10:57:01.0
439,8a9c96b186a6cb3a0186c0d53ef61833,8a9c96b186a6cb3a0186c0d7f4741834,1314,2,36,36,2025-11-03 10:57:01.0
440,8a9c96b186eee6cc0186fcfdfbda008d,8a9c96b186eee6cc0186fd0bf2a0009a,1600,3,40,40,2025-11-03 10:57:01.0
441,8a9c96b187024c810187087653b701a0,8a9c96b187024c8101870883895201e0,1281.38,3,25,25,2025-11-03 10:57:01.0
442,8a9c96b187024c810187113d8eec03d0,8a9c96b187024c810187113d8f8503d1,125.51,3,24,0,2025-11-03 10:57:01.0
443,8a9c96b187024c810187113d8eec03d0,8a9c96b187024c810187113d8f8f03d2,125.51,3,24,0,2025-11-03 10:57:01.0
444,8a9c96b187024c810187113d8eec03d0,8a9c96b187024c810187113d8f9903d3,125.51,3,20,0,2025-11-03 10:57:01.0
445,8a9c96b187024c810187113d8eec03d0,8a9c96b187024c810187113d8fa203d4,125.51,3,13,0,2025-11-03 10:57:01.0
446,8a9c96b187024c810187309877ac05eb,8a9c96b187024c81018730e97e690604,3552.38,2,85,85,2025-11-03 10:57:01.0
447,8a9c96b187024c810187359a96c40dc6,8a9c96b187024c81018735b1dad50dcb,,,342,296,2025-11-03 10:57:01.0
448,8a9c96b187024c810187359a96c40dc6,8a9c96b187024c81018735b25e960f22,,,361,359,2025-11-03 10:57:01.0
449,8a9c96b187024c810187359a96c40dc6,8a9c96b187024c81018735b2d2a4108c,,,28,0,2025-11-03 10:57:01.0
450,8a9c96b187024c810187359a96c40dc6,8a9c96b187024c81018735b3282810a9,,,28,0,2025-11-03 10:57:01.0
451,8a9c96b187024c810187359a96c40dc6,8a9c96b187024c81018735b381f510c6,,,56,0,2025-11-03 10:57:01.0
452,8a9c96b187024c8101873020d20c05da,8a9c96b187024c810187454923601103,1740,,100,0,2025-11-03 10:57:01.0
453,8a9c96b1879e09740187f010daf005e1,8a9c96b1879e09740187f010db8b05e2,8425,2,102,0,2025-11-03 10:57:01.0
454,8a9c96b1879e09740187f010daf005e1,8a9c96b1879e09740187f010db9405e3,3969,2,34,0,2025-11-03 10:57:01.0
455,8a9c96b1879e0974018827c7d6d606ec,8a9c96b1879e0974018827c8ed9806f2,5740,2,40,0,2025-11-03 10:57:01.0
456,8a9c96b1879e097401882cd81c0e073c,8a9c96b1879e097401882cda17c00743,6542,2,30,0,2025-11-03 10:57:01.0
457,8a9c96b188d8d1aa0189ed2f881602f9,8a9c96b188d8d1aa0189ed2f889a02fa,7961.83,2,79,0,2025-11-03 10:57:01.0
458,8a9c96b188d8d1aa0189ed2f881602f9,8a9c96b188d8d1aa0189ed2f889a02fb,5447.11,2,51,0,2025-11-03 10:57:01.0
459,8a9c96b18a64fe3c018a741385ca0052,8a9c96b18a64fe3c018a7416666f0055,714,2,11,0,2025-11-03 10:57:01.0
460,8a9c96b18a64fe3c018a741385ca0052,8a9c96b18a64fe3c018a742ad95b00eb,1139,2,11,0,2025-11-03 10:57:01.0
461,8a9c96b18a64fe3c018a741385ca0052,8a9c96b18a64fe3c018a742bd2d5017c,618,2,6,0,2025-11-03 10:57:01.0
462,8a9c96b18a64fe3c018a741385ca0052,8a9c96b18a64fe3c018a742c4dd1020d,1854,2,18,0,2025-11-03 10:57:01.0
463,8a9c96b18a64fe3c018a741385ca0052,8a9c96b18a64fe3c018a742caa7a029e,1485,2,18,0,2025-11-03 10:57:01.0
464,8a9c96b18a64fe3c018a741385ca0052,8a9c96b18a64fe3c018a742d32a2032f,848,2,8,0,2025-11-03 10:57:01.0
465,8a9c96b18a64fe3c018a741385ca0052,8a9c96b18a64fe3c018a7448119f03c0,419,2,5,0,2025-11-03 10:57:01.0
466,8a9c96b18a64fe3c018a741385ca0052,8a9c96b18a64fe3c018a7448878b0451,575,2,5,0,2025-11-03 10:57:01.0
467,8a9c96b18a64fe3c018a741385ca0052,8a9c96b18a64fe3c018a7448d69809f2,460,2,4,0,2025-11-03 10:57:01.0
468,8a9c96b18a64fe3c018a741385ca0052,8a9c96b18a64fe3c018a74493e2d0a83,575,2,5,0,2025-11-03 10:57:01.0
469,8a9c96b18a64fe3c018a741385ca0052,8a9c96b18a64fe3c018a7449a3990a96,345,2,3,0,2025-11-03 10:57:01.0
470,8a9c96b18a64fe3c018b0ca2999a0cf7,8a9c96b18a64fe3c018b0cc04e3a0cf8,,,338,338,2025-11-03 10:57:01.0
471,8a9c96b18a64fe3c018b1797f0350f79,8a9c96b18a64fe3c018b1797f0d50f7a,1955.16,2,48,48,2025-11-03 10:57:01.0
472,8a9c96b18a64fe3c018b35f326421300,8a9c96b18a64fe3c018b35f326ce1301,8727.89,2,200,200,2025-11-03 10:57:01.0
473,8a9c96b18a64fe3c018bd61d899718bc,8a9c96b18a64fe3c018bd61d8ac918bd,1918,2,36,36,2025-11-03 10:57:01.0
474,8a9c96b18a64fe3c018c1f425b7c19de,8a9c96b18a64fe3c018c1f4d35ce19f5,956.3,2,10,0,2025-11-03 10:57:01.0
475,8a9c96b18a64fe3c018c1f425b7c19de,8a9c96b18a64fe3c018c32ca15961a9b,1791.32,2,19,0,2025-11-03 10:57:01.0
476,8a9c96b18a64fe3c018c1f425b7c19de,8a9c96b18a64fe3c018c3cca64931b35,2485.6,2,26,0,2025-11-03 10:57:01.0
477,8a9c96b18a64fe3c018c1f425b7c19de,8a9c96b18a64fe3c018c475dd18a1bd6,2903.25,2,35,0,2025-11-03 10:57:01.0
478,8a9c96b18a64fe3c018c1f425b7c19de,8a9c96b18a64fe3c018c623329081cd6,3018.6,2,36,0,2025-11-03 10:57:01.0
479,8a9c96b18d5dc861018d5e7ba9090001,8a9c96b18d5dc861018d5e7e15d70012,4818,1,120,120,2025-11-03 10:57:01.0
480,8a9c96b18ec73a9d018f292bdf3f00ae,8a9c96b18ec73a9d018f292bdfec00af,2179.5,2,46,46,2025-11-03 10:57:01.0
481,8a9c96b18f513764018f51d119e90001,8a9c96b18f513764018f572fd4960014,3173.55,1,85,85,2025-11-03 10:57:01.0
482,8a9c96b18fbe6b16018fc34abc61371d,8a9c96b18fbe6b16018fc34c84353736,6300,1,88,88,2025-11-03 10:57:01.0
483,8a9c96b18fbe6b16018fc351ed8137cc,8a9c96b18fbe6b16018fc36d2eb23820,9521.45,2,168,168,2025-11-03 10:57:01.0
484,8a9c96b18fbe6b16018fc351ed8137cc,8a9c96b18fbe6b16018fc36f961a38cb,9854.57,2,168,168,2025-11-03 10:57:01.0
485,8a9c96b18fbe6b16018fc351ed8137cc,8a9c96b18fbe6b16018fc37183283976,9854.57,2,168,168,2025-11-03 10:57:01.0
486,8a9c96b18fbe6b16018fc351ed8137cc,8a9c96b18fbe6b16018fc3743bf03a21,9521.45,2,168,168,2025-11-03 10:57:01.0
487,8a9c96b18fbe6b16018fc37c00033b17,8a9c96b18fbe6b16018fc386004f3b52,2776,3,44,34,2025-11-03 10:57:01.0
488,8a9c96b186a6cb3a0186c52b926919b3,8a9c96b18fbe6b16018fc399b5bf3bd8,419,2,5,0,2025-11-03 10:57:01.0
489,8a9c96b18fbe6b16018fc3a3b3943c15,8a9c96b18fbe6b16018fc3a474393c32,9521.45,2,168,0,2025-11-03 10:57:01.0
490,8a9c96b18fbe6b16018fc3a3b3943c15,8a9c96b18fbe6b16018fc3a5aaa83cdb,9854.57,2,168,0,2025-11-03 10:57:01.0
491,8a9c96b18fbe6b16018fc3a3b3943c15,8a9c96b18fbe6b16018fc3a622763d84,9854.57,2,168,0,2025-11-03 10:57:01.0
492,8a9c96b18fbe6b16018fc3a3b3943c15,8a9c96b18fbe6b16018fc3a6c0a83e2d,9521.45,2,168,0,2025-11-03 10:57:01.0
493,8a9c96b186a6cb3a0186c52b926919b3,8a9c96b18fbe6b16018fc3b881763ee1,575,2,5,0,2025-11-03 10:57:01.0
494,8a9c96b186a6cb3a0186c52b926919b3,8a9c96b18fbe6b16018fc3c14e653fc4,914,2,11,0,2025-11-03 10:57:01.0
495,8a9c96b186a6cb3a0186c52b926919b3,8a9c96b18fbe6b16018fc3dcc1c24299,1139,2,11,0,2025-11-03 10:57:01.0
496,8a9c96b186a6cb3a0186c52b926919b3,8a9c96b18fbe6b16018fc3dcc1f142ac,460,2,4,0,2025-11-03 10:57:01.0
497,8a9c96b186a6cb3a0186c52b926919b3,8a9c96b18fbe6b16018fc3dcc22242bf,618,2,6,0,2025-11-03 10:57:01.0
498,8a9c96b186a6cb3a0186c52b926919b3,8a9c96b18fbe6b16018fc3dcc24e42d2,575,2,5,0,2025-11-03 10:57:01.0
499,8a9c96b186a6cb3a0186c52b926919b3,8a9c96b18fbe6b16018fc3dcc2a242e5,345,2,3,0,2025-11-03 10:57:01.0
500,8a9c96b186a6cb3a0186c52b926919b3,8a9c96b18fbe6b16018fc3dcc2c742f8,1854,2,18,0,2025-11-03 10:57:01.0
501,8a9c96b186a6cb3a0186c52b926919b3,8a9c96b18fbe6b16018fc3dcc2f2430b,1485,2,18,0,2025-11-03 10:57:01.0
502,8a9c96b186a6cb3a0186c52b926919b3,8a9c96b18fbe6b16018fc3dcc31b431e,848,2,8,0,2025-11-03 10:57:01.0
503,8a9c96b18fc3e5ce018fc88d99ad2d6b,8a9c96b18fc3e5ce018fc8903b082d75,2635,3,728,0,2025-11-03 10:57:01.0
504,8a9c96b18fc3e5ce018fc897e56e47aa,8a9c96b18fc3e5ce018fc899a64847d2,2530,2,56,56,2025-11-03 10:57:01.0
505,8a9c96b18fc3e5ce018fc8abc54e48f0,8a9c96b18fc3e5ce018fc8b2fecf59ed,4430.92,2,70,0,2025-11-03 10:57:01.0
506,8a9c96b18fc3e5ce018fc8d2dee45b21,8a9c96b18fc91900018fcc64e4a7007e,2585.38,3,42,0,2025-11-03 10:57:01.0
507,8a9c96b18fc3e5ce018fc8d2dee45b21,8a9c96b18fc91900018fcc65b99800a9,2676.94,3,42,0,2025-11-03 10:57:01.0
508,8a9c96b18fc3e5ce018fc8abc54e48f0,8a9c96b18fc91900018fcd12b9640193,4376.13,2,70,0,2025-11-03 10:57:01.0
509,8a9c96b18fcd36e6018fcd5d40b20051,8a9c96b18fcd36e6018fcd5fffe60056,,,60,60,2025-11-03 10:57:01.0
510,8a9c96b18fcd36e6018fcd6101b80095,8a9c96b18fcd36e6018fcd62f54d00a7,1913.32,2,24,0,2025-11-03 10:57:01.0
511,8a9c96b18fcd36e6018fcd72341400ea,8a9c96b18fcd36e6018fcd7597df0104,,,128,128,2025-11-03 10:57:01.0
512,8a9c96b18fcd36e6018fcda0acf90261,8a9c96b18fcd36e6018fcda5be2c026d,5546.27,1,90,90,2025-11-03 10:57:01.0
513,8a9c96b199614b5e01997583044c397b,8a9c96b199614b5e0199758307a8397e,8276.74,1,315,315,2025-11-03 10:57:01.0
514,8a9c96b199614b5e01997583044c397b,8a9c96b199614b5e01997583082c397f,10787.68,1,273,273,2025-11-03 10:57:01.0
515,8a9c96b199614b5e01997583044c397b,8a9c96b199614b5e0199758308803981,14863.82,1,336,336,2025-11-03 10:57:01.0
516,8a9c96b199614b5e01997583044c397b,8a9c96b199614b5e0199758308c03982,14874.61,1,144,144,2025-11-03 10:57:01.0
517,8a9c96b199614b5e01997583044c397b,8a9c96b199614b5e0199758309203983,5450.61,1,60,0,2025-11-03 10:57:01.0
518,8a9c96b199760a0a0199ff71dc08081a,8a9c96b199760a0a019a004e769b0888,26.54,2,,,2025-11-03 10:57:01.0
519,8a9c96b199760a0a0199ff9c5ad8084d,8a9c96b199760a0a019a058d135d09f0,131.64,3,,,2025-11-03 10:57:01.0
520,8a9c96b199760a0a0199ff9c5ad8084d,8a9c96b199760a0a019a058d13ac09fb,25.81,3,,,2025-11-03 10:57:01.0
521,8a9c96b18fcd36e6018fcdc094a40319,8a9c96b18fcd36e6018fcdc72ffd034e,6205.53,1,105,0,2025-11-03 10:57:01.0
522,8a9c96b18fcd36e6018fcdd9d04b0459,8a9c96b18fcd36e6018fcddb2a600464,,,145,145,2025-11-03 10:57:01.0
523,8a9c96b18259ab5601825a3efa260072,8a9c96b18fcd36e6018fcddc40910500,5783.92,2,102,100,2025-11-03 10:57:01.0
524,8a9c96b18fcd36e6018fcde1c8c1059a,8a9c96b18fcd36e6018fcde6381805b4,8646.98,2,48,48,2025-11-03 10:57:01.0
525,8a9c96b18fce4a58018fce5bc61c0000,8a9c96b18fce4a58018fce61d0ac0035,,1,25,0,2025-11-03 10:57:01.0
526,8a9c96b18fce4a58018fce5bc61c0000,8a9c96b18fce4a58018fce8e18ed00f5,,1,17,0,2025-11-03 10:57:01.0
527,8a9c96b18fce4a58018fce5bc61c0000,8a9c96b18fce4a58018fceb38e7f014d,,1,3,0,2025-11-03 10:57:01.0
