xh,pz,zzmj,zb,gxsj,bz
1,宜昌大叶种,28495.27,43.47,2025年8月,依托2023年调查分析
2,福鼎系列,16269.8,24.82,2025年8月,依托2023年调查分析
3,鸠坑种,4008,6.11,2025年8月,依托2023年调查分析
4,其他常规品种,3585.73,5.47,2025年8月,依托2023年调查分析
5,五峰212,3240,4.94,2025年8月,依托2023年调查分析
6,乌牛早,3046.67,4.65,2025年8月,依托2023年调查分析
7,宜红早,2923.33,4.46,2025年8月,依托2023年调查分析
8,引进特色品种,2554.67,3.9,2025年8月,依托2023年调查分析
9,引进外地群体种,1433.33,2.19,2025年8月,依托2023年调查分析
