styhwd,bgdz,dkzxdkyysldjfwdh,dkzxdkfffwdh
三峡农商银行葛洲坝支行,宜昌市夷陵大道22号,0717-6799593,0717-6863579
中国银行三峡分行营业部,宜昌市胜利四路10号,0717-6218953,0717-6218953
交行宜昌分行营业部,宜昌市胜利四路22号,0717-6459136,0717-6386325
农行三峡葛洲坝支行,宜昌市夷陵大道2号,0717-6792630,0717-6516665
工行三峡临江支行,宜昌市夷陵大道111号工行大厦一楼(三峡工行个人贷款中心),0717-6492825,0717-6386205
建行宜昌五一广场支行,宜昌市伍家岗桔城路15号,0717-6220669,0717-6558252
汉口银行西陵分行,宜昌市云集路25号,0717-6433902,0717-6456536
湖北银行宜昌南湖支行,宜昌市隆康路16号,0717-6265890,0717-6265890
邮储银行西陵一路支行,宜昌市西陵一路13号,0717-6228331,0717-6936253
