xh,xsq,zy,zybm,gz,cyllb,nf
1,西陵区,育婴员,4-10-01-02,/,生命健康,2024年
2,西陵区,保育师,4-10-01-03,/,生命健康,2024年
3,西陵区,家政服务员,4-10-01-06,母婴护理员、整理收纳师,生命健康,2024年
4,西陵区,养老护理员,4-10-01-05,失智老人照护员,生命健康,2024年
5,西陵区,健康管理师,4-14-02-02,/,生命健康,2024年
6,西陵区,保健按摩师,4-10-04-02,脊柱按摩师、足部按摩师、反射疗法师,生命健康,2024年
7,西陵区,公共营养师,4-14-02-01,营养指导员,生命健康,2024年
8,西陵区,茶艺师,4-03-02-07,/,文化旅游,2024年
9,西陵区,中式烹调师,4-03-02-01,药膳制作师,文化旅游,2024年
10,西陵区,中式面点师,4-03-02-02,/,文化旅游,2024年
11,西陵区,西式面点师,4-03-02-04,/,文化旅游,2024年
12,西陵区,餐厅服务员,4-03-02-05,侍酒师,文化旅游,2024年
13,西陵区,客房服务员,4-03-01-02,/,文化旅游,2024年
14,西陵区,保安员,4-07-05-01,/,文化旅游,2024年
15,西陵区,茶叶加工工,6-02-06-10,茶叶初制工、茶叶精制工,文化旅游,2024年
16,西陵区,美容师,4-10-03-01,皮肤管理师,文化旅游,2024年
17,西陵区,美发师,4-10-03-02,/,文化旅游,2024年
18,西陵区,道路客运汽车驾驶员,4-02-02-03,大中型客车司机、公交车司机、巡游出租车司机,文化旅游,2024年
19,西陵区,物流服务师,4-02-06-03,/,文化旅游,2024年
20,西陵区,电子商务师,4-01-02-02,网商、跨境电子商务师,大数据及算力经济,2024年
21,西陵区,互联网营销师,4-01-02-07,直播销售员,大数据及算力经济,2024年
22,西陵区,全媒体运营师,4-13-05-04,/,大数据及算力经济,2024年
23,西陵区,计算机维修工,4-12-02-01,计算机板级维修工、计算机芯片级维修工,大数据及算力经济,2024年
24,西陵区,管工,6-29-03-04,/,现代化工新材料,2024年
25,西陵区,电工,6-31-01-03,/,新能源及高端装备,2024年
26,西陵区,焊工,6-18-02-04,电焊工、气焊工、钎焊工、焊接设备操作工、锅炉（承压）设备焊工,新能源及高端装备,2024年
27,西陵区,车工,6-18-01-01,数控车工,新能源及高端装备,2024年
28,西陵区,铣工,6-18-01-02,数控铣工,新能源及高端装备,2024年
29,西陵区,磨工,6-18-01-04,宝石轴承磨工、光学磨工、数控磨工、光学切割工、研磨工,新能源及高端装备,2024年
30,西陵区,铸造工,6-18-02-01,熔炼浇注工、铸造型（芯）砂工、铸造工装工、铸造造型（芯）工、铸件清理工,新能源及高端装备,2024年
31,西陵区,锻造工,6-18-02-02,锻工、模锻工、锻造加热工、锻件切边工、锻件清理工、锻件校正工、水（油）压机锻造工,新能源及高端装备,2024年
32,西陵区,多工序数控机床操作调整工,6-18-01-07,数控机加生产线操作工、数控组合机床操作工,新能源及高端装备,2024年
33,西陵区,电梯安装维修工,6-29-03-03,电梯安装工、电梯维修工,其他,2024年
34,西陵区,架子工,6-29-01-05,普通架子工、附着升降脚手架安装拆卸工、高处作业吊篮安装拆卸工、高处作业吊篮操作工,其他,2024年
35,点军区,育婴员,4-10-01-02,/,生命健康,2024年
36,点军区,保育师,4-10-01-03,/,生命健康,2024年
37,点军区,美容师,04-10-03-01,皮肤管理师,生命健康,2024年
38,点军区,家政服务员,4-10-01-06,整理收纳师,生命健康,2024年
39,点军区,养老护理员,4-10-01-05,失智老人照护员,生命健康,2024年
40,点军区,保健按摩师,4-10-04-02,脊柱按摩师、足部按摩师、反射疗法师,生命健康,2024年
41,点军区,健康管理师,4-14-02-02,/,生命健康,2024年
42,点军区,茶艺师,4-03-02-07,/,文化旅游,2024年
43,点军区,中式烹调师,4-03-02-01,药膳制作师,文化旅游,2024年
44,点军区,中式面点师,4-03-02-02,/,文化旅游,2024年
45,点军区,西式面点师,4-03-02-04,/,文化旅游,2024年
46,点军区,餐厅服务员,4-03-02-05,侍酒师,文化旅游,2024年
47,点军区,客房服务员,4-03-01-02,/,文化旅游,2024年
48,点军区,客户服务管理员,4-07-02-03,/,文化旅游,2024年
49,点军区,休闲农业服务员,4-07-04-06,/,文化旅游,2024年
50,点军区,保安员,4-07-05-01,/,文化旅游,2024年
51,点军区,物业管理员,4-06-01-01,/,文化旅游,2024年
52,点军区,物流服务师,4-02-06-03,/,文化旅游,2024年
53,点军区,园艺工,5-01-02-02,蔬菜栽培工、花卉栽培工、果树栽培工、桑树栽培工、茶树栽培工,文化旅游,2024年
54,点军区,茶叶加工工,6-02-06-10,茶叶初制工、茶叶精制工,文化旅游,2024年
55,点军区,农业技术员,5-05-01-01,农作物种植技术员、园艺生产技术员、畜牧技术员、水产技术员、营造林技术员、烟草栽培技术员、中药材生产技术员、农机技术员、农化技术员、肥料配方师、饲料配方师、茶园管理员,文化旅游,2024年
56,点军区,中药材种植员,5-01-02-05,/,文化旅游,2024年
57,点军区,农作物植保员,5-05-02-01,病虫害防治工、植物检疫工,文化旅游,2024年
58,点军区,经济昆虫养殖员,5-03-03-01,养蜂员、蚕饲养员、益虫饲养工,文化旅游,2024年
59,点军区,营销员,4-01-02-01,外贸营销员,文化旅游,2024年
60,点军区,电子商务师,4-01-02-02,网商、跨境电子商务师,文化旅游,2024年
61,点军区,互联网营销师,4-01-02-07,直播销售员,文化旅游,2024年
62,点军区,全媒体运营师,4-13-05-04,/,文化旅游,2024年
63,点军区,无人机驾驶员,4-99-00-00,/,文化旅游,2024年
64,点军区,电工,6-31-01-03,/,新能源及高端装备,2024年
65,点军区,焊工,6-18-02-04,电焊工、气焊工、钎焊工、焊接设备操作工、锅炉（承压）设备焊工,新能源及高端装备,2024年
66,点军区,车工,6-18-01-01,数控车工,新能源及高端装备,2024年
67,点军区,铣工,6-18-01-02,数控铣工,新能源及高端装备,2024年
68,点军区,磨工,6-18-01-04,宝石轴承磨工、光学磨工、数控磨工、光学切割工、研磨工,新能源及高端装备,2024年
69,点军区,铸造工,6-18-02-01,熔炼浇注工、铸造型（芯）砂工、铸造工装工、铸造造型（芯）工、铸件清理工,新能源及高端装备,2024年
70,点军区,锻造工,6-18-02-02,锻工、模锻工、锻造加热工、锻件切边工、锻件清理工、锻件校正工、水（油）压机锻造工,新能源及高端装备,2024年
71,点军区,镀层工,6-18-03-01,电镀工、氮化钛涂层工、酸洗钝化工、化学铣切工、热浸镀工、化学镀银工,新能源及高端装备,2024年
72,点军区,涂装工,6-18-03-03,涂装预处理工、涂料调配工、涂料涂覆工、涂装后处理工、防锈处理工,新能源及高端装备,2024年
73,点军区,装配钳工,6-20-01-01,/,新能源及高端装备,2024年
74,点军区,机修钳工,6-31-01-02,/,新能源及高端装备,2024年
75,点军区,机械木工,6-06-03-02,/,新能源及高端装备,2024年
76,点军区,电鸣乐器制作工,6-09-02-07,琴身箱体制作工、电鸣乐器接装工、电鸣乐器调试工,新能源及高端装备,2024年
77,点军区,电线电缆制造工,6-24-03-01,铜铝杆生产工、电线电缆拉制工、电线电缆镀制工、电线电缆绞制工、电线电缆挤塑工、电线电缆挤橡工、电线电缆包制工、电缆辐照工、电缆金属护套制造工、电线电缆金属导体挤制工,新能源及高端装备,2024年
78,点军区,机床装调维修工,6-20-03-01,数控机床装调维修工、普通机床装调维修工,新能源及高端装备,2024年
79,点军区,机械设备安装工,6-29-03-01,/,新能源及高端装备,2024年
80,点军区,电子专用设备装调工,6-21-04-01,/,新能源及高端装备,2024年
81,点军区,电力电气设备安装工,6-29-03-08,电力工程内线安装工、高压电气安装工、变电设备安装工,新能源及高端装备,2024年
82,点军区,起重装卸机械操作工,6-30-05-01,履带吊司机、塔吊司机、汽车吊司机、桥式吊车司机、散料卸车机司机、堆取料机司机、流体装卸操作工、翻车机工、船舶吊车司机、叉车司机、堆垛车操作工、电动港机装卸机械司机、内燃港机装卸机械司机,新能源及高端装备,2024年
83,点军区,挖掘铲运和桩工机械司机,6-30-05-05,推土机司机、土石方挖掘机司机、铲运机司机、装载机司机、打桩工,新能源及高端装备,2024年
84,点军区,多工序数控机床操作调整工,6-18-01-07,数控机加生产线操作工、数控组合机床操作工、加工中心操作工、复合机床操作工,新能源及高端装备,2024年
85,点军区,人工智能训练师,4-04-05-05,数据标注员、人工智能算法测试员,大数据及算力经济,2024年
86,点军区,信息安全测试员,4-04-04-04,渗透测试员、合规测试员,大数据及算力经济,2024年
87,点军区,网络与信息安全管理员,4-04-04-02,网络安全管理员、信息安全管理员、互联网信息审核员、数据安全管理员,大数据及算力经济,2024年
88,点军区,信息通信网络运行管理员,4-04-04-01,通信网络管理员、互联网网络管理员、应急通信管理员,大数据及算力经济,2024年
89,点军区,信息通信信息化系统管理员,4-04-04-03,/,大数据及算力经济,2024年
90,点军区,信息通信网络终端维修员,4-12-02-03,/,大数据及算力经济,2024年
91,点军区,提琴吉他制作工,6-09-02-02,提琴制作工、琴弓制作工、琴弦制作工、吉他制作工,现代化工新材料,2024年
92,点军区,药物检验员,4-08-05-04,兽药检验员、药物分析员、药物微生物检定员、药理毒理试验员,现代化工新材料,2024年
93,点军区,化学合成制药工,6-12-01-00,药物合成反应工、药物分离纯化工、原料药精制干燥工,现代化工新材料,2024年
94,点军区,药物制剂工,6-12-03-00,片剂工、注射剂工、液体药剂工、胶囊剂工、气雾剂工、滴丸工、软膏剂工、栓剂工、膜剂工、贴剂工、制剂及医用制品灭菌工、中药酒(酊)剂工、中药露剂工、中药油剂工、中药糖浆剂工、中药合剂工、中药丸剂工、中药散剂（研配）工、药煎膏剂工、膏药剂工、中药茶剂工、中药胶剂工、中药灸熨剂工、中药提取工、颗粒剂工,现代化工新材料,2024年
95,点军区,钢琴及键盘乐器制作工,6-09-02-01,钢琴共鸣盘制作工、钢琴键盘机械制作工、钢琴装配工、手风琴零件制作工、手风琴装配工、手风琴校音工,现代化工新材料,2024年
96,点军区,民族拉弦弹拨乐器制作工,6-09-02-04,民族拉弦乐器制作工、民族弹拨乐器制作工,现代化工新材料,2024年
97,点军区,乐器维修工,4-12-05-01,/,现代化工新材料,2024年
98,点军区,钢琴调律师,4-12-05-02,/,现代化工新材料,2024年
99,点军区,企业人力资源管理师,04-07-03-04,薪税师、劳务派遣管理员,其他,2024年
100,猇亭区,化学检验员,6-31-03-01,/,现代化工新材料,2024年
101,猇亭区,化工总控工,6-11-01-03,/,现代化工新材料,2024年
102,猇亭区,腐蚀控制工,6-11-01-06,耐蚀衬胶工、耐蚀喷涂工、耐蚀砖板衬里工、耐蚀塑料工、耐蚀纤维增强塑料工、耐蚀混凝土工,现代化工新材料,2024年
103,猇亭区,硫酸生产工,6-11-02-01,硫化物焙烧工、二氧化硫净化工、二氧化硫转化工、酸性气体干吸工、硫酸尾气处理工,现代化工新材料,2024年
104,猇亭区,磷酸生产工,6-11-02-04,/,现代化工新材料,2024年
105,猇亭区,烧碱生产工,6-11-02-06,烧碱盐水工、烧碱电解工、氯氢处理工、烧碱蒸发工、固碱工,现代化工新材料,2024年
106,猇亭区,有机合成工,6-11-02-15,/,现代化工新材料,2024年
107,猇亭区,合成氨生产工,6-11-03-01,合成氨煤气化工、合成氨转变工、合成氨净化工、合成氨气体压缩工、氨合成工、合成氨二氧化碳回收工、合成氨装置操作工,现代化工新材料,2024年
108,猇亭区,复混肥生产工,6-11-03-06,/,现代化工新材料,2024年
109,猇亭区,过磷酸钙生产工,6-11-03-05,普通过磷酸钙生产工、重过磷酸钙生产工,现代化工新材料,2024年
110,猇亭区,钙镁磷肥生产工,6-11-03-07,/,现代化工新材料,2024年
111,猇亭区,多晶硅制取工,6-17-08-02,三氯氢硅还原工、三氯氢硅合成工、硅料腐蚀工、多晶硅后处理工、四氯化硅氢化工、硅烷法多晶硅制取工、三氯氢硅、四氯化硅提纯工,现代化工新材料,2024年
112,猇亭区,有机硅生产工,6-11-08-10,氯甲烷生产工、甲基氯硅烷生产工、甲基硅氧烷生产工、苯基氯硅烷生产工、三氯硅烷生产工、三烷氧基硅烷生产工、硅油及乳液生产工、热硫化硅橡胶生产工、室温硫化硅橡胶生产工、硅树脂生产工、硅烷偶联剂生产工,现代化工新材料,2024年
113,猇亭区,化工单元操作工,6-11-01-02,化工过滤工、化工蒸馏工、化工萃取工、化工蒸发工、化工热交换工、化工吸收工、化工吸附工、化工干燥工、化工结晶工、化工离心分离工、化工造粒工、化工洗涤工、脱酚工,现代化工新材料,2024年
114,猇亭区,药物检验员,4-08-05-04,兽药检验员、药物分析员、药物微生物检定员、药理毒理试验员,现代化工新材料,2024年
115,猇亭区,化学合成制药工,6-12-01-00,药物合成反应工、药物分离纯化工、原料药精制干燥工,现代化工新材料,2024年
116,猇亭区,药物制剂工,6-12-03-00,片剂工、注射剂工、液体药剂工、胶囊剂工、气雾剂工、滴丸工、软膏剂工、栓剂工、膜剂工、贴剂工、制剂及医用制品灭菌工、中药酒(酊)剂工、中药露剂工、中药油剂工、中药糖浆剂工、中药合剂工、中药丸剂工、中药散剂（研配）工、药煎膏剂工、膏药剂工、中药茶剂工、中药胶剂工、中药灸熨剂工、中药提取工、颗粒剂工,现代化工新材料,2024年
117,猇亭区,电工,6-31-01-03,/,新能源及高端装备,2024年
118,猇亭区,焊工,6-18-02-04,电焊工、气焊工、钎焊工、焊接设备操作工、锅炉（承压）设备焊工,新能源及高端装备,2024年
119,猇亭区,车工,6-18-01-01,数控车工,新能源及高端装备,2024年
120,猇亭区,铣工,6-18-01-02,数控铣工,新能源及高端装备,2024年
121,猇亭区,磨工,6-18-01-04,宝石轴承磨工、光学磨工、数控磨工、光学切割工、研磨工,新能源及高端装备,2024年
122,猇亭区,铸造工,6-18-02-01,熔炼浇注工、铸造型（芯）砂工、铸造工装工、铸造造型（芯）工、铸件清理工,新能源及高端装备,2024年
123,猇亭区,锻造工,6-18-02-02,锻工、模锻工、锻造加热工、锻件切边工、锻件清理工、锻件校正工、水（油）压机锻造工,新能源及高端装备,2024年
124,猇亭区,镀层工,6-18-03-01,电镀工、氮化钛涂层工、酸洗钝化工、化学铣切工、热浸镀工、化学镀银工,新能源及高端装备,2024年
125,猇亭区,装配钳工,6-20-01-01,/,新能源及高端装备,2024年
126,猇亭区,机修钳工,6-31-01-02,/,新能源及高端装备,2024年
127,猇亭区,电池制造工,6-24-04-00,电解液制作工、电池配料工、电极制造工、隔离层制备工、电池部件制备工、电池（组）装配工、电池试制工、电池制液工、电池化成工、固态电解质制造工、电池测试工,新能源及高端装备,2024年
128,猇亭区,电阻器制造工,6-25-01-02,合成膜电位器工、热敏电阻红外探测器制造工、线绕电阻器、电位器制造工、有机实芯电阻器、电位器制造工、电阻器专用合金粉制造工、薄膜电阻器制造工、玻璃釉膜电阻器、电位器制造、光敏电阻器制造工、压敏电阻器制造工、热敏电阻器制造工、合成碳膜电位器制造工,新能源及高端装备,2024年
129,猇亭区,电线电缆制造工,6-24-03-01,绕组线漆包工、铜铝杆生产工、电线电缆拉制工、电线电缆镀制工、电线电缆绞制工、电线电缆挤塑工、电线电缆挤橡工、电线电缆包制工、电缆辐照工、电缆金属护套制造工、电线电缆金属导体挤制工,新能源及高端装备,2024年
130,猇亭区,玻璃配料熔化工,6-15-03-01,玻璃配料工、玻璃熔化工,新能源及高端装备,2024年
131,猇亭区,机械设备安装工,6-29-03-01,/,新能源及高端装备,2024年
132,猇亭区,机床装调维修工,6-20-03-01,数控机床装调维修工、普通机床装调维修工,新能源及高端装备,2024年
133,猇亭区,仪器仪表维修工,6-31-01-04,/,新能源及高端装备,2024年
134,猇亭区,汽车生产线操作工,6-22-01-01,汽车涂装生产线操作工、汽车焊装生产线操作工、汽车冲压生产线操作工、汽车机加生产线操作工、汽车热处理生产线操作工、汽车锻造生产线操作工、汽车铸造生产线操作工,新能源及高端装备,2024年
135,猇亭区,起重装卸机械操作工,6-30-05-01,履带吊司机、塔吊司机、汽车吊司机、桥式吊车司机、散料卸车机司机、堆取料机司机、流体装卸操作工、翻车机工、船舶吊车司机、叉车司机、堆垛车操作工、电动港机装卸机械司机、内燃港机装卸机械司机,新能源及高端装备,2024年
136,猇亭区,挖掘铲运和桩工机械司机,6-30-05-05,推土机司机、土石方挖掘机司机、铲运机司机、装载机司机、打桩工,新能源及高端装备,2024年
137,猇亭区,多工序数控机床操作调整工,6-18-01-07,数控机加生产线操作工、数控组合机床操作工、加工中心操作工、复合机床操作工,新能源及高端装备,2024年
138,猇亭区,电力电气设备安装工,6-29-03-08,电力工程内线安装工、高压电气安装工、变电设备安装工,新能源及高端装备,2024年
139,猇亭区,飞机装配工,6-23-03-01,飞机铅锌模工、飞机型架装配工、飞机铆装工、飞机结合测量工、飞机电缆工、飞机管工、飞机钣金工、飞机模线样板移型工、飞机蒙皮落压钣金工、飞机模线样板钳工、飞机化学铣切工,新能源及高端装备,2024年
140,猇亭区,美容师,4-10-03-01,皮肤管理师,文化旅游,2024年
141,猇亭区,茶艺师,4-03-02-07,/,文化旅游,2024年
142,猇亭区,中式烹调师,4-03-02-01,药膳制作师,文化旅游,2024年
143,猇亭区,中式面点师,4-03-02-02,/,文化旅游,2024年
144,猇亭区,西式面点师,4-03-02-04,/,文化旅游,2024年
145,猇亭区,保安员,4-07-05-01,/,文化旅游,2024年
146,猇亭区,物业管理员,4-06-01-01,/,文化旅游,2024年
147,猇亭区,物流服务师,4-02-06-03,/,文化旅游,2024年
148,猇亭区,营销员,4-01-02-01,外贸营销员,文化旅游,2024年
149,猇亭区,育婴员,4-10-01-02,/,生命健康,2024年
150,猇亭区,保育师,4-10-01-03,/,生命健康,2024年
151,猇亭区,家政服务员,4-10-01-06,母婴护理员、整理收纳师,生命健康,2024年
152,猇亭区,养老护理员,4-10-01-05,失智老人照护员,生命健康,2024年
153,猇亭区,保健按摩师,4-10-04-02,脊柱按摩师、足部按摩师、反射疗法师,生命健康,2024年
154,猇亭区,健康管理师,4-14-02-02,/,生命健康,2024年
155,猇亭区,电子商务师,4-01-02-02,网商、跨境电子商务师,大数据及算力经济,2024年
156,猇亭区,互联网营销师,4-01-02-07,直播销售员,大数据及算力经济,2024年
157,猇亭区,全媒体运营师,4-13-05-04,/,大数据及算力经济,2024年
158,夷陵区,营销员,4-01-02-01,外贸营销员,文化旅游,2024年
159,夷陵区,物流服务师,4-02-06-03,/,文化旅游,2024年
160,夷陵区,客房服务员,4-03-01-02,/,文化旅游,2024年
161,夷陵区,中式烹调师,4-03-02-01,药膳制作师,文化旅游,2024年
162,夷陵区,中式面点师,4-03-02-02,/,文化旅游,2024年
163,夷陵区,西式面点师,4-03-02-04,/,文化旅游,2024年
164,夷陵区,餐厅服务员,4-03-02-05,侍酒师,文化旅游,2024年
165,夷陵区,茶艺师,4-03-02-07,/,文化旅游,2024年
166,夷陵区,物业管理员,4-06-01-01,/,文化旅游,2024年
167,夷陵区,客户服务管理员,4-07-02-03,/,文化旅游,2024年
168,夷陵区,劳动关系协调员,4-07-03-02,劳动人事争议调解员,文化旅游,2024年
169,夷陵区,企业人力资源管理师,4-07-03-04,薪税师、劳务派遣管理员,文化旅游,2024年
170,夷陵区,职业培训师,4-07-03-05,企业培训师,文化旅游,2024年
171,夷陵区,导游,4-07-04-01,/,文化旅游,2024年
172,夷陵区,休闲农业服务员,4-07-04-06,/,文化旅游,2024年
173,夷陵区,保安员,4-07-05-01,/,文化旅游,2024年
174,夷陵区,育婴员,4-10-01-02,/,文化旅游,2024年
175,夷陵区,美容师,4-10-03-01,皮肤管理师,文化旅游,2024年
176,夷陵区,全媒体运营师,4-13-05-04,/,文化旅游,2024年
177,夷陵区,健康管理师,4-14-02-02,/,文化旅游,2024年
178,夷陵区,无人机驾驶员,4-99-00-00,/,文化旅游,2024年
179,夷陵区,茶叶加工工,6-02-06-10,茶叶初制工、茶叶精制工,文化旅游,2024年
180,夷陵区,评茶员,6-02-06-11,/,文化旅游,2024年
181,夷陵区,园艺工,5-01-02-02,蔬菜栽培工、花卉栽培工、果树栽培工、桑树栽培工、茶树栽培工,文化旅游,2024年
182,夷陵区,抽纱刺绣工,6-09-03-11,机绣工、手绣工、抽纱挑编工,文化旅游,2024年
183,夷陵区,保育师,4-10-01-03,/,生命健康,2024年
184,夷陵区,养老护理员,4-10-01-05,失智老人照护员,生命健康,2024年
185,夷陵区,家政服务员,4-10-01-06,母婴护理员、整理收纳师,生命健康,2024年
186,夷陵区,保健按摩师,4-10-04-02,脊柱按摩师、足部按摩师、反射疗法师,生命健康,2024年
187,夷陵区,农产品食品检验员,4-08-05-01,农产品质量安全检测员、粮油质量检验员、食品检验员,生命健康,2024年
188,夷陵区,乳品加工工,6-02-04-01,原料乳处理工、乳品配料工、乳品杀菌工、乳品浓缩工、乳品干燥工、炼乳结晶工、乳品发酵工、奶油搅拌压炼工、干酪素点制工、乳清工、乳制品充灌工,生命健康,2024年
189,夷陵区,酿酒师,6-02-06-01,/,生命健康,2024年
190,夷陵区,白酒酿造工,6-02-06-03,白酒微生物培菌工、白酒酵母工、白酒制曲工、白酒原料粉碎工、白酒发酵工、白酒贮酒工、白酒蒸馏串香工、白酒配酒工、白酒灌装工,生命健康,2024年
191,夷陵区,品酒师,6-02-06-07,/,生命健康,2024年
192,夷陵区,饮料制作工,6-02-06-09,饮料调配工、饮料灌装工、果蔬汁加工工、果蔬汁浓缩工、固体饮料加工工、固体饮料喷雾造粒工,生命健康,2024年
193,夷陵区,酒体设计师,6-02-06-12,/,生命健康,2024年
194,夷陵区,药物检验员,4-08-05-04,兽药检验员、药物分析员、药物微生物检定员、药理毒理试验员,生命健康,2024年
195,夷陵区,化学合成制药工,6-12-01-00,药物合成反应工、药物分离纯化工、原料药精制干燥工,生命健康,2024年
196,夷陵区,中药炮制工,6-12-02-00,中药材净选润切工、中药炮炙工,生命健康,2024年
197,夷陵区,药物制剂工,6-12-03-00,片剂工、注射剂工、液体药剂工、胶囊剂工、气雾剂工、滴丸工、软膏剂工、栓剂工、膜剂工、贴剂工、制剂及医用制品灭菌工、中药酒(酊)剂工、中药露剂工、中药油剂工、中药糖浆剂工、中药合剂工、中药丸剂工、中药散剂（研配）工、药煎膏剂工、膏药剂工、中药茶剂工、中药胶剂工、中药灸熨剂工、中药提取工、颗粒剂工,生命健康,2024年
198,夷陵区,电子商务师,4-01-02-02,网商、跨境电子商务师,大数据及算力经济,2024年
199,夷陵区,互联网营销师,4-01-02-07,直播销售员,大数据及算力经济,2024年
200,夷陵区,信息通信网络运行管理员,4-04-04-01,通信网络管理员、互联网网络管理员、应急通信管理员,大数据及算力经济,2024年
201,夷陵区,网络与信息安全管理员,4-04-04-02,网络安全管理员、信息安全管理员、互联网信息审核员、数据安全管理员,大数据及算力经济,2024年
202,夷陵区,信息通信信息化系统管理员,4-04-04-03,/,大数据及算力经济,2024年
203,夷陵区,信息安全测试员,4-04-04-04,渗透测试员、合规测试员,大数据及算力经济,2024年
204,夷陵区,信息通信网络终端维修员,4-12-02-03,/,大数据及算力经济,2024年
205,夷陵区,锅炉操作工,6-28-01-11,/,现代化工新材料,2024年
206,夷陵区,仪器仪表维修工,6-31-01-04,/,现代化工新材料,2024年
207,夷陵区,磷酸生产工,6-11-02-04,/,现代化工新材料,2024年
208,夷陵区,矿井开掘工,6-16-01-04,井筒冻结工、井筒掘砌工、竖井钻机工、巷道掘砌工、装岩机司机、综掘机司机、钻车司机、天井钻机工、巷修工、抓岩机司机、局部通风机操作工,现代化工新材料,2024年
209,夷陵区,井下采矿工,6-16-01-05,井下出矿工、井筒维修工、综采集控工、井下钻机司机,现代化工新材料,2024年
210,夷陵区,井下支护工,6-16-01-06,液压支架工、矿井泵工、采煤支护工、井下充填制备工、充填回收工、支护锚喷工,现代化工新材料,2024年
211,夷陵区,矿山安全防护工,6-16-01-10,矿井电气防爆检查工、井下探放水钻工、矿压观测工、矿井防尘工,现代化工新材料,2024年
212,夷陵区,矿山救护工,6-16-01-12,/,现代化工新材料,2024年
213,夷陵区,选矿工,6-16-01-15,重介质分选工、选矿集控工、浮选工、磁选工、风选工、摇床选矿工、螺选分选工、浮选药选工,现代化工新材料,2024年
214,夷陵区,工业废水处理工,6-28-03-03,/,现代化工新材料,2024年
215,夷陵区,化学检验员,6-31-03-01,/,现代化工新材料,2024年
216,夷陵区,机械木工,6-06-03-02,/,新能源及高端装备,2024年
217,夷陵区,纸箱纸盒制作工,6-07-02-00,纸盒制作工、瓦楞纸板制作工、瓦楞纸箱成型工,新能源及高端装备,2024年
218,夷陵区,车工,6-18-01-01,数控车工,新能源及高端装备,2024年
219,夷陵区,铣工,6-18-01-02,数控铣工,新能源及高端装备,2024年
220,夷陵区,磨工,6-18-01-04,宝石轴承磨工、光学磨工、数控磨工、光学切割工、研磨工,新能源及高端装备,2024年
221,夷陵区,多工序数控机床操作调整工,6-18-01-07,数控机加生产线操作工、数控组合机床操作工、加工中心操作工、复合机床操作工,新能源及高端装备,2024年
222,夷陵区,铸造工,6-18-02-01,熔炼浇注工、铸造型（芯）砂工、铸造工装工、铸造造型（芯）工、铸件清理工,新能源及高端装备,2024年
223,夷陵区,锻造工,6-18-02-02,锻工、模锻工、锻造加热工、锻件切边工、锻件清理工、锻件校正工、水（油）压机锻造工,新能源及高端装备,2024年
224,夷陵区,焊工,6-18-02-04,电焊工、气焊工、钎焊工、焊接设备操作工、锅炉（承压）设备焊工,新能源及高端装备,2024年
225,夷陵区,镀层工,6-18-03-01,电镀工、氮化钛涂层工、酸洗钝化工、化学铣切工、热浸镀工、化学镀银工,新能源及高端装备,2024年
226,夷陵区,装配钳工,6-20-01-01,/,新能源及高端装备,2024年
227,夷陵区,机床装调维修工,6-20-03-01,数控机床装调维修工、普通机床装调维修工,新能源及高端装备,2024年
228,夷陵区,电线电缆制造工,6-24-03-01,绕组线漆包工、铜铝杆生产工、电线电缆拉制工、电线电缆镀制工、电线电缆绞制工、电线电缆挤塑工、电线电缆挤橡工、电线电缆包制工、电缆辐照工、电缆金属护套制造工、电线电缆金属导体挤制工,新能源及高端装备,2024年
229,夷陵区,电池制造工,6-24-04-00,电解液制作工、电池配料工、电极制造工、隔离层制备工、电池部件制备工、电池（组）装配工、电池试制工、电池制液工、电池化成工、固态电解质制造工、电池测试工,新能源及高端装备,2024年
230,夷陵区,机械设备安装工,6-29-03-01,/,新能源及高端装备,2024年
231,夷陵区,起重装卸机械操作工,6-30-05-01,履带吊司机、塔吊司机、汽车吊司机、桥式吊车司机、散料卸车机司机、堆取料机司机、流体装卸操作工、翻车机工、船舶吊车司机、叉车司机、堆垛车操作工、电动港机装卸机械司机、内燃港机装卸机械司机,新能源及高端装备,2024年
232,夷陵区,挖掘铲运和桩工机械司机,6-30-05-05,推土机司机、土石方挖掘机司机、铲运机司机、装载机司机、打桩工,新能源及高端装备,2024年
233,夷陵区,机修钳工,6-31-01-02,/,新能源及高端装备,2024年
234,夷陵区,电工,6-31-01-03,/,新能源及高端装备,2024年
235,夷陵区,工程机械维修工,6-31-01-09,/,新能源及高端装备,2024年
236,夷陵区,包装工,6-31-05-00,/,新能源及高端装备,2024年
237,夷陵区,安全员,6-31-06-00,/,新能源及高端装备,2024年
238,夷陵区,电力电气设备安装工,6-29-03-08,电力工程内线安装工、高压电气安装工、变电设备安装工,新能源及高端装备,2024年
239,夷陵区,印后制作员,6-08-01-03,装订工、裁切工、印品整饰工、印后成型工,新能源及高端装备,2024年
240,夷陵区,建筑信息模型技术员,4-04-05-04,/,其他,2024年
241,夷陵区,手工木工,6-06-03-01,精细木工,其他,2024年
242,夷陵区,砌筑工,6-29-01-01,建筑瓦工、窑炉修筑工、船舶泥工,其他,2024年
243,夷陵区,混凝土工,6-29-01-03,混凝土搅拌工、混凝土泵送工、混凝土浇筑工、混凝土模板工、混凝土修护工,其他,2024年
244,夷陵区,钢筋工,6-29-01-04,/,其他,2024年
245,夷陵区,架子工,6-29-01-05,普通架子工、附着升降脚手架安装拆卸工、高处作业吊篮安装拆卸工、高处作业吊篮操作工,其他,2024年
246,夷陵区,爆破工,6-29-02-07,/,其他,2024年
247,夷陵区,防水工,6-29-02-08,防渗墙工,其他,2024年
248,夷陵区,管工,6-29-03-04,/,其他,2024年
249,夷陵区,装配式建筑施工员,6-29-99-00,/,其他,2024年
250,夷陵区,农业技术员,5-05-01-01,农作物种植技术员、园艺生产技术员、畜牧技术员、水产技术员、营造林技术员、烟草栽培技术员、中药材生产技术员、农机技术员、农化技术员、肥料配方师、饲料配方师、茶园管理员,其他,2024年
251,夷陵区,农作物植保员,5-05-02-01,病虫害防治工、植物检疫工,其他,2024年
252,夷陵区,中药材种植员,5-01-02-05,/,其他,2024年
253,夷陵区,经济昆虫养殖员,5-03-03-01,养蜂员、蚕饲养员、益虫饲养工,其他,2024年
254,夷陵区,缝纫工,6-05-01-03,服装制作工、毛衫套口工、纺织品缝纫工、缝纫制品充填工,其他,2024年
255,当阳市,育婴员,4-10-01-02,/,生命健康,2024年
256,当阳市,保育师,4-10-01-03,/,生命健康,2024年
257,当阳市,养老护理员,4-10-01-05,失智老人照护员,生命健康,2024年
258,当阳市,保健按摩师,4-10-04-02,脊柱按摩师、足部按摩师、反射疗法师,生命健康,2024年
259,当阳市,公共营养师,4-14-02-01,营养指导员,生命健康,2024年
260,当阳市,美容师,4-10-03-01,皮肤管理师,文化旅游,2024年
261,当阳市,美发师,4-10-03-02,/,文化旅游,2024年
262,当阳市,茶艺师,4-03-02-07,/,文化旅游,2024年
263,当阳市,家政服务员,4-10-01-06,母婴护理员、整理收纳师,文化旅游,2024年
264,当阳市,中式面点师,4-03-02-02,/,文化旅游,2024年
265,当阳市,中式烹调师,4-03-02-01,药膳制作师、郭场鸡大厨、三国宴师傅,文化旅游,2024年
266,当阳市,无人机驾驶员,4-99-00-00,/,大数据及算力经济,2024年
267,当阳市,化学检验员,6-31-03-01,化验员,现代化工新材料,2024年
268,当阳市,化工单元操作工,6-11-01-02,化工原料准备工,现代化工新材料,2024年
269,当阳市,化工总控工,6-11-01-03,/,现代化工新材料,2024年
270,当阳市,车工,6-18-01-01,/,新能源及高端装备,2024年
271,当阳市,铣工,6-18-01-02,/,新能源及高端装备,2024年
272,当阳市,铸造工 ,6-18-02-01,/,新能源及高端装备,2024年
273,当阳市,电工,6-31-01-03,/,新能源及高端装备,2024年
274,当阳市,焊工,6-18-02-04,电焊工、气焊工、钎焊工、焊接设备操作工、锅炉（承压）设备焊工,新能源及高端装备,2024年
275,当阳市,水泥生产工,6-15-01-01,/,其他,2024年
276,当阳市,水泥混凝土制品工,6-15-01-02,/,其他,2024年
277,当阳市,防水工,6-29-02-08,/,其他,2024年
278,当阳市,玻璃纤维及制品工,6-15-04-01,玻璃加工工,其他,2024年
279,当阳市,起重装卸机械操作工,6-30-05-01,履带吊司机、塔吊司机、汽车吊司机、桥式吊车司机、散料卸车机司机、堆取料机司机、流体装卸操作工、翻车司机、船舶吊车司机、叉车司机、堆垛车操作工、电动港机装卸机械司机、内燃港机装卸机械司机,其他,2024年
280,当阳市,电子商务师,4-01-02-02,网商、跨境电子商务师,其他,2024年
281,当阳市,物业管理员,4-06-01-01,/,其他,2024年
282,当阳市,农产品食品检验员,4-08-05-01,食品检验员,其他,2024年
283,当阳市,农业技术员,5-05-01-01,农作物种植技术员(鱼腥草种植技术员）、园艺生产技术员、畜牧技术员、水产技术员、营造林技术员、烟草栽培技术员、中药材生产技术员、农机技术员、农化技术员、肥料配方师、饲料配方师、茶园管理员,其他,2024年
284,高新区,电工,6-31-01-03,电工,新能源及高端装备,2024年
285,高新区,机修钳工,6-31-01-02,机修钳工,新能源及高端装备,2024年
286,高新区,装配钳工,6-20-01-01,装配钳工,新能源及高端装备,2024年
287,高新区,工具钳工,6-18-04-06,夹具钳工、样板钳工,新能源及高端装备,2024年
288,高新区,车工,6-18-01-01,数控车工,新能源及高端装备,2024年
289,高新区,磨工,6-18-01-04,宝石轴承磨工、光学磨工、数控磨工、光学切割工、研磨工,新能源及高端装备,2024年
290,高新区,焊工,6-18-02-04,电焊工、气焊工、钎焊工、焊接设备操作工、锅炉（承压）设备焊工,新能源及高端装备,2024年
291,高新区,电池制造工,6-24-04-00,电解液制作工、电池配料工、电极制造工、隔离层制备工、电池部件制备工、电池（组）装配工、电池试制工、电池制液工、电池化成工、固态电解质制造工、电池测试工,新能源及高端装备,2024年
292,高新区,液晶显示器件制造工,6-25-02-03,液晶显示器件阵列制造工、液晶显示器件成盒制造工、液晶显示器件彩膜制造工、液晶显示器件模组制造工 ,新能源及高端装备,2024年
293,高新区,玻璃加工工,6-15-03-03,玻璃冷加工工、玻璃热加工工、玻璃复合加工工、玻璃装饰加工工、玻璃釉印工、玻璃表面改性加工工,新能源及高端装备,2024年
294,高新区,电子玻璃制品加工工,6-15-03-05,电子玻璃制品研磨抛光工、电子玻璃制品镀膜工、电子玻璃制品钢化工 ,新能源及高端装备,2024年
295,高新区,玻璃制品加工工,6-15-03-04,玻璃制品冷加工工、玻璃制品热加工工、玻璃灯工、玻璃制品镀膜工、 玻璃制品装饰工,新能源及高端装备,2024年
296,高新区,平板显示膜生产工,6-11-08-24, 平板显示膜涂布工、平板显示膜整理工、 平板显示膜回收工、棉胶液制备工、片基流延工、聚酯薄膜拉幅工、流延辅助工,新能源及高端装备,2024年
297,高新区,镀膜工,6-18-03-02,化学镀膜工、转化膜工,新能源及高端装备,2024年
298,高新区,机械加工材料切割工,6-18-02-05,手工火焰切割工、手工等离子切割工、数控等离子切割机操作工、数控激光切割机操作工、数控水射流切割机操作工、数控型材专用切割机操作工、数控火焰切割机操作工,新能源及高端装备,2024年
299,高新区,金属热处理工,6-18-02-03,化学热处理工、表面热处理工 ,新能源及高端装备,2024年
300,高新区,多工序数控机床操作调整工,6-18-01-07,数控机加生产线操作工、数控组合机床操作工、加工中心操作工、复合机床操作工,新能源及高端装备,2024年
301,高新区,起重装卸机械操作工,6-30-05-01,履带吊司机、塔吊司机、 汽车吊司机、桥式吊车司机、 散料卸车机司机、堆取料机司机、流体装卸操作工、翻车机工、船舶吊车司机、 叉车司机、堆垛车操作工、电动港机装卸机械司机、内燃港机装卸机械司机,新能源及高端装备,2024年
302,高新区,仪器仪表制造工,6-26-01-01,电工仪器仪表装调工、电子仪器仪表装调工、分析仪器仪表装调工、光电仪器仪表装调工、专用仪器仪表装调工、自动化仪表控制系统装调工,现代化工新材料,2024年
303,高新区,质检员,6-31-03-05,质检员,现代化工新材料,2024年
304,高新区,包装工,6-31-05-00,包装工,现代化工新材料,2024年
305,高新区,安全员,6-31-06-00,安全员,现代化工新材料,2024年
306,高新区,试验员,6-31-03-06,试验员,现代化工新材料,2024年
307,高新区,有机合成工,6-11-02-15,有机合成工,现代化工新材料,2024年
308,高新区,化学检验员,6-31-03-01,化学检验员,现代化工新材料,2024年
309,高新区,合成氨生产工,6-11-03-01,合成氨煤气化工、合成氨转变工、合成氨净化工、合成氨气体压缩工、氨合成工、合成氨二氧化碳回收工,现代化工新材料,2024年
310,高新区,药物制剂工,6-12-03-00,片剂工、注射剂工、液体药剂工、胶囊剂工、气雾剂工、滴丸工、软膏剂工、栓剂工、膜剂工、贴剂工、制剂及医用制品灭菌工、中药酒(酊)剂工、中药露剂工、中药油剂工、中药糖浆剂工、中药合剂工、中药丸剂工、中药散剂（研配）工、中药煎膏剂工、膏药剂工、中药茶剂工、中药胶剂工、中药灸熨剂工、中药提取工、颗粒剂工,现代化工新材料,2024年
311,高新区,印刷操作员,6-08-01-02,平版印刷员、柔性版印刷员、网版印刷员、凹版印刷员、固体树脂版印刷员、珂罗版印刷员、盲文印刷员、木刻水印雕刻版印刷员、数字印刷员、金属版印刷员,文化旅游,2024年
312,高新区,印后制作员,6-08-01-03,装订工、裁切工、印品整饰工、印后成型工,文化旅游,2024年
313,五峰县,无人机驾驶员,4-02-04-06,植保无人机驾驶员、安防无人机驾驶员、航拍无人机驾驶员、巡检无人机驾驶员、物流无人机驾驶员,新能源及高端装备,2024年
314,五峰县,焊工,6-18-02-04,电焊工、气焊工、钎焊工、焊接设备操作工、锅炉(承压)设备焊工,新能源及高端装备,2024年
315,五峰县,电工,6-31-01-03,煤矿井下防爆电工、化工检修电工、烟机电工、港机电工,新能源及高端装备,2024年
316,五峰县,仪器仪表维修工,6-31-01-04,化工仪表维修工,新能源及高端装备,2024年
317,五峰县,车工,6-18-01-01,数控车工、普通车工,新能源及高端装备,2024年
318,五峰县,装配钳工,6-20-01-01,/,新能源及高端装备,2024年
319,五峰县,磨工,6-18-01-04,宝石轴承磨工、光学普通磨工、数控磨工、光学数控磨工、普通研磨工、普通磨工、数控研磨工,新能源及高端装备,2024年
320,五峰县,贵金属首饰制作工,6-09-03-15,贵金属首饰手工制作工、贵金属首饰机制工,新能源及高端装备,2024年
321,五峰县,机械设备安装工,6-29-03-01,/,新能源及高端装备,2024年
322,五峰县,锅炉操作工,6-28-01-11,/,新能源及高端装备,2024年
323,五峰县,起重装卸机械操作工,6-30-05-01,履带吊司机、塔吊司机、汽车吊司机、桥式起重机司机、散料卸车机司机、堆取料机司机、流体装卸操作工、翻车机工、船舶吊车司机、叉车司机、堆垛车操作工、电动港口装卸机械司机、内燃港口装卸机械司机、高空作业机械操作工、起重装卸机械智能控制员,新能源及高端装备,2024年
324,五峰县,电线电缆制造工,6-24-03-01,绕组线漆包工、铜铝杆生产工、电线电缆拉制工、电线电缆镀制工、电线电缆绞制工、电线电缆挤塑工、电线电缆挤橡工、电线电缆包制工、电线电缆交联工、电缆金属护套制造工、电线电缆金属导体挤制工,新能源及高端装备,2024年
325,五峰县,电池制造工,6-24-04-00,电解液制作工、电池配料工、电极制造工、隔离层制备工、电池部件制备工、电池(组)装配工、电池试制工、电池制液工、电池化成工、固态电解质制造工、电池测试工,新能源及高端装备,2024年
326,五峰县,电子商务师,4-01-06-01,网商、跨境电子商务师、电商咨询师,大数据及算力经济,2024年
327,五峰县,企业人力资源管理师,4-07-03-04,薪税师、企业培训师、劳动定员定额师、人才测评师,大数据及算力经济,2024年
328,五峰县,互联网营销师,4-01-06-02,直播销售员、商品选品员、视频创推员、平台管理员,大数据及算力经济,2024年
329,五峰县,计算机操作员,3-01-02-05,/,大数据及算力经济,2024年
330,五峰县,工程测量员,4-08-03-04,地质测量员、矿山测量员,大数据及算力经济,2024年
331,五峰县,婴幼儿发展引导员,4-10-01-01,育婴员,生命健康,2024年
332,五峰县,保育师,4-10-01-03,托育师,生命健康,2024年
333,五峰县,美容师,4-10-03-01,皮肤管理师,生命健康,2024年
334,五峰县,保健按摩师,4-10-04-02,脊柱按摩师、足部按摩师、反射疗法师,生命健康,2024年
335,五峰县,养老护理员,4-10-01-05,失智老人照护员,生命健康,2024年
336,五峰县,家政服务员,4-10-01-06,母婴护理员、整理收纳师、家务服务员、家庭照护员,生命健康,2024年
337,五峰县,保安员,4-07-05-01,防爆指导员,生命健康,2024年
338,五峰县,农产品食品检验员,4-08-05-01,农产品质量安全检测员、粮油质量检验员、食品检验员,生命健康,2024年
339,五峰县,中药材种植员,5-01-02-05,藏药材种植员、蒙药材种植员,生命健康,2024年
340,五峰县,经济昆虫养殖员,5-03-03-01,养蜂员、蚕饲养员、益虫饲养工,生命健康,2024年
341,五峰县,医药商品购销员,4-01-05-02,药品购销员、医疗器械购销员、中药材购销员、中药饮片购销员、中药调剂员,生命健康,2024年
342,五峰县,农业技术员,5-05-01-01,农作物种植技术员、园艺生产技术员、畜牧技术员、水产技术员、营造林技术员、烟草栽培技术员、中药材生产技术员、农机技术员、农化技术员、肥料配方师、饲料配方师、茶园管理员、蜂媒授粉员、农药使用指导员,生命健康,2024年
343,五峰县,农作物植保员,5-05-02-01,病虫害防治工、植物检疫工,生命健康,2024年
344,五峰县,客运车辆驾驶员,4-02-02-01,客车司机、城市公共汽电车司机、巡游出租汽车司机、网络预约出租汽车司机,文化旅游,2024年
345,五峰县,园林绿化工,4-09-10-01,花卉园艺工、园林植保工、绿化造园工、园林养护工、园林修剪工,文化旅游,2024年
346,五峰县,营销员,4-01-02-01,外贸营销员,文化旅游,2024年
347,五峰县,物流服务师,4-02-06-03,医药商品物流员、冷链物流员、危化品物流员、烟草物流员,文化旅游,2024年
348,五峰县,中式面点师,4-03-02-02,/,文化旅游,2024年
349,五峰县,西式面点师,4-03-02-04,/,文化旅游,2024年
350,五峰县,中式烹调师,4-03-02-01,药膳制作师、火锅料理师,文化旅游,2024年
351,五峰县,评茶师,6-02-06-11,茶叶拼配师,文化旅游,2024年
352,五峰县,茶艺师,4-03-02-07,/,文化旅游,2024年
353,五峰县,导游,4-07-04-01,/,文化旅游,2024年
354,五峰县,旅游咨询员,4-07-04-04,/,文化旅游,2024年
355,五峰县,客房服务员,4-03-01-02,/,文化旅游,2024年
356,五峰县,客户服务管理员,4-07-02-03,/,文化旅游,2024年
357,五峰县,餐厅服务员,4-03-02-05,/,文化旅游,2024年
358,五峰县,休闲农业服务员,4-07-04-06,/,文化旅游,2024年
359,五峰县,园艺工,5-01-02-02,蔬菜栽培工、花卉栽培工、果树栽培工、桑树栽培工、茶树栽培工,文化旅游,2024年
360,五峰县,茶叶加工工,6-02-06-10,茶叶初制工、茶叶精制工,文化旅游,2024年
361,五峰县,制药工程技术人员,2-02-32-00,/,现代化工新材料,2024年
362,五峰县,药师,2-05-06-01,/,现代化工新材料,2024年
363,五峰县,药物检验员,4-08-05-04,兽药检验员、药物分析员、药物微生物检定员、药理毒理试验员,现代化工新材料,2024年
364,五峰县,药物制剂工,6-12-03-00,片剂工、注射剂工、液体药剂工、胶囊剂工、气雾剂工、滴丸工、软膏剂工、栓剂工、膜剂工、贴剂工、制剂及医用制品灭菌工、中药酒、(酊)剂工、中药露剂工、中药油剂工、中药糖浆剂工、中药合剂工、中药丸剂工、中药散剂、(研配)工、中药煎膏剂工、膏药剂工、中药茶剂工、中药胶剂工、中药灸熨剂工、中药提取工、颗粒剂工,现代化工新材料,2024年
365,五峰县,劳动关系协调师,4-07-03-02,/,其他,2024年
366,五峰县,物业管理师,4-06-01-01,/,其他,2024年
367,五峰县,缝纫工,6-05-01-03,服装制作工、毛衫套口工、纺织品缝纫工、缝纫制品充填工,其他,2024年
368,五峰县,手工木工,6-06-03-01,精细木工、木屋架工、木制家具工、木门窗工、木模板工、建筑木雕工、室内木装修工,其他,2024年
369,五峰县,机械木工,6-06-03-02,/,其他,2024年
370,五峰县,砌筑工,6-29-01-01,建筑瓦工、窑炉修筑工、船舶泥工、打胶工、金属屋面工、瓦屋面工,其他,2024年
371,五峰县,混凝土工,6-29-01-03,/,其他,2024年
372,五峰县,钢筋工,6-29-01-04,/,其他,2024年
373,五峰县,架子工,6-29-01-05,普通架子工、附着升降脚手架安装拆卸工、高处作业吊篮安装拆卸工、高处作业吊篮操作工,其他,2024年
374,五峰县,防水工,6-29-02-08,防渗墙工,其他,2024年
375,伍家岗区,制冷工,6-11-01-04,/,现代化工新材料,2024年
376,伍家岗区,化学检验员,6-31-03-01,/,现代化工新材料,2024年
377,伍家岗区,育婴员,4-10-01-02,/,生命健康,2024年
378,伍家岗区,保育师,4-10-01-03,/,生命健康,2024年
379,伍家岗区,家政服务员,4-10-01-06,/,生命健康,2024年
380,伍家岗区,养老护理员,4-10-01-05,失智老人照护员,生命健康,2024年
381,伍家岗区,保健按摩师,4-10-04-02,脊柱按摩师、足部按摩师、反射疗法师,生命健康,2024年
382,伍家岗区,健康照护师,4-14-01-02,医疗护理员,生命健康,2024年
383,伍家岗区,美容师,4-10-03-01,皮肤管理师,文化旅游,2024年
384,伍家岗区,茶艺师,4-03-02-07,/,文化旅游,2024年
385,伍家岗区,中式烹调师,4-03-02-01,药膳制作师,文化旅游,2024年
386,伍家岗区,中式面点师,4-03-02-02,/,文化旅游,2024年
387,伍家岗区,西式烹调师,4-03-02-03,/,文化旅游,2024年
388,伍家岗区,西式面点师,4-03-02-04,/,文化旅游,2024年
389,伍家岗区,餐厅服务员,4-03-02-05,侍酒师,文化旅游,2024年
390,伍家岗区,客房服务员,4-03-01-02,/,文化旅游,2024年
391,伍家岗区,插花花艺师,4-09-10-05,/,文化旅游,2024年
392,伍家岗区,商业摄影师,4-08-09-01,/,文化旅游,2024年
393,伍家岗区,网约配送员,4-02-07-10,/,文化旅游,2024年
394,伍家岗区,客户服务管理员,4-07-02-03,/,文化旅游,2024年
395,伍家岗区,企业人力资源管理师,4-07-03-04,薪税师、劳务派遣管理员,文化旅游,2024年
396,伍家岗区,营销员,4-01-02-01,外贸营销员,文化旅游,2024年
397,伍家岗区,无人机驾驶员,4-99-00-00,/,文化旅游,2024年
398,伍家岗区,评茶员,6-02-06-11,/,文化旅游,2024年
399,伍家岗区,茶叶加工工,6-02-06-10,茶叶初制工、茶叶精制工,文化旅游,2024年
400,伍家岗区,物流服务师,4-02-06-03,/,文化旅游,2024年
401,伍家岗区,物业管理师,4-06-01-01,/,文化旅游,2024年
402,伍家岗区,智能楼宇管理员,4-07-05-03,/,文化旅游,2024年
403,伍家岗区,电子商务师,4-01-02-02,网商、跨境电子商务师,大数据及算力经济,2024年
404,伍家岗区,互联网营销师,4-01-02-07,直播销售员,大数据及算力经济,2024年
405,伍家岗区,计算机程序设计员,4-04-05-01,/,大数据及算力经济,2024年
406,伍家岗区,网络与信息安全管理员,4-04-04-02,网络安全管理员、信息安全管理员、互联网信息审核员、数据安全管理员,大数据及算力经济,2024年
407,伍家岗区,汽车维修工,4-12-01-01,汽车检测工、汽车机械维修工、汽车电器维修工、汽车玻璃维修工、汽车美容装潢工、汽车车身整形修复工、汽车车身涂装修复工、二手车整备工,新能源及高端装备,2024年
408,伍家岗区,电工,6-31-01-03,/,新能源及高端装备,2024年
409,伍家岗区,焊工,6-18-02-04,电焊工、气焊工、钎焊工、焊接设备操作工、锅炉（承压）设备焊工,新能源及高端装备,2024年
410,伍家岗区,磨工,6-18-01-04,宝石轴承磨工、光学磨工、数控磨工、光学切割工、研磨工,新能源及高端装备,2024年
411,伍家岗区,车工,6-18-01-01,数控车工,新能源及高端装备,2024年
412,伍家岗区,铣工,6-18-01-02,数控铣工,新能源及高端装备,2024年
413,伍家岗区,锻造工,6-18-02-02,锻工、模锻工、锻造加热工、锻件切边工、锻件清理工、锻件校正工、水（油）压机锻造工,新能源及高端装备,2024年
414,伍家岗区,钳工,6-20-01-01,装配钳工、工具钳工、机修钳工,新能源及高端装备,2024年
415,伍家岗区,多工序数控机床操作调整工,6-18-01-07,数控机加生产线操作工、数控组合机床操作工、加工中心操作工、复合机床操作工,新能源及高端装备,2024年
416,伍家岗区,机械设备安装工,6-29-03-01,/,新能源及高端装备,2024年
417,伍家岗区,电力电气设备安装工,6-29-03-08,电力工程内线安装工、高压电气安装工、变电设备安装工,新能源及高端装备,2024年
418,伍家岗区,印后制作员,6-08-01-03,装订工、裁切工、印品整饰工、印后成型工,新能源及高端装备,2024年
419,伍家岗区,仪器仪表维修工,6-31-01-04,/,新能源及高端装备,2024年
420,伍家岗区,装配式建筑施工员,6-29-99-00,/,其他,2024年
421,伍家岗区,劳动关系协调员,4-07-03-02,劳动人事争议调解员,其他,2024年
422,伍家岗区,安全员,6-31-06-00,/,其他,2024年
423,伍家岗区,钢筋工,6-29-01-04,/,其他,2024年
424,伍家岗区,砌筑工,6-29-01-01,建筑瓦工、窑炉修筑工、船舶泥工,其他,2024年
425,伍家岗区,混凝土工,6-29-01-03,混凝土搅拌工、混凝土泵送工、混凝土浇筑工、混凝土模板工、混凝土修护工,其他,2024年
426,伍家岗区,办公设备维修工,4-12-02-02,复印打印设备维修工、幻灯机与投影机维修工,其他,2024年
427,伍家岗区,架子工,6-29-01-05,普通架子工、附着升降脚手架安装拆卸工、高处作业吊篮安装拆卸工、高处作业吊篮操作工,其他,2024年
428,伍家岗区,防水工,6-29-02-08,防渗墙工,其他,2024年
429,伍家岗区,建筑信息模型技术员,4-04-05-04,/,其他,2024年
430,兴山县,婴幼儿发展引导员,4-10-01-02,育婴员,生命健康,2024年
431,兴山县,家政服务员,4-10-01-06,母婴护理员、整理收纳师、家务服务员、家庭照护员,生命健康,2024年
432,兴山县,养老护理员,4-10-01-05,失智老人照护员,生命健康,2024年
433,兴山县,保健按摩师,4-10-04-02,脊柱按摩师、足部按摩师、反射疗法师,生命健康,2024年
434,兴山县,健康照护师,4-14-01-03,长期照护师,生命健康,2024年
435,兴山县,保安员,4-07-05-01,防爆指导员,生命健康,2024年
436,兴山县,物业管理师,4-06-01-01,/,生命健康,2024年
437,兴山县,农产品食品检验员L,4-08-05-01,农产品质量安全检测员、粮油质量检验员、食品检验员,生命健康,2024年
438,兴山县,美容师,4-10-03-01,皮肤管理师,文化旅游,2024年
439,兴山县,美发师,4-10-03-02,/,文化旅游,2024年
440,兴山县,中式烹调师,4-03-02-01,火锅料理师、药膳制作师,文化旅游,2024年
441,兴山县,中式面点师,4-03-02-02,/,文化旅游,2024年
442,兴山县,西式烹调师,4-03-02-03,/,文化旅游,2024年
443,兴山县,西式面点师,4-03-02-04,/,文化旅游,2024年
444,兴山县,前厅服务员,4-03-01-01,宾客行李员,文化旅游,2024年
445,兴山县,餐厅服务员,4-03-02-05,/,文化旅游,2024年
446,兴山县,客房服务员,4-03-01-02,/,文化旅游,2024年
447,兴山县,快递员,4-02-07-08,快件揽收员、快件派送员,文化旅游,2024年
448,兴山县,物流服务师,4-02-06-03,医药商品物流园、冷链物流园、危化品物流园、烟草物流园,文化旅游,2024年
449,兴山县,汽车维修工,4-12-01-01,汽车维修检验工、汽车机械维修工、汽车电器维修工、汽车玻璃维修工、汽车美容装潢工、汽车车身整形修复工、汽车车身涂装修复工、二手车整备工、新能源汽车维修工、智能汽车运维工,文化旅游,2024年
450,兴山县,油气电站操作员,4-02-02-08,加油站操作员、车用加气站操作员,文化旅游,2024年
451,兴山县,客运车辆驾驶员,4-02-02-01,客车司机、城市公共气电车司机、巡游出租汽车司机、网络预约出租汽车司机,文化旅游,2024年
452,兴山县,导游,4-07-04-01,/,文化旅游,2024年
453,兴山县,无人机驾驶员,4-99-00-00,植保无人机驾驶员、安防无人机驾驶员、航拍无人机驾驶员、巡检无人机驾驶员、物流无人机驾驶员,文化旅游,2024年
454,兴山县,茶叶加工工,6-02-06-10,茶叶初制工、茶叶精制工,文化旅游,2024年
455,兴山县,肉制品加工工,6-01-04-03,腌腊发酵制品加工工、蒸煮熏烤制品加工工、调理肉制品加工工、酱卤肉制品加工工、肉制品品评师,文化旅游,2024年
456,兴山县,糕点面包烘焙工,6-02-01-01,中式糕点师、西式糕点师、饼干制作工面包师,文化旅游,2024年
457,兴山县,竹藤师,5-05-06-05,竹藤编艺师、棕草编织工,文化旅游,2024年
458,兴山县,电子商务师S,4-01-02-02,网商、跨境电子商务师、电商咨询师,大数据及算力经济,2024年
459,兴山县,互联网营销师,4-01-02-07,直播销售员、商品选品员、视频创推员、平台管理员,大数据及算力经济,2024年
460,兴山县,网络与信息安全管理员,4-04-04-02,网络安全管理员、信息安全管理员、网络信息审核员、数据安全管理员、网络安全咨询员、关键信息基础设施安全监测防护技术员,大数据及算力经济,2024年
461,兴山县,信息通信网络运行管理员,4-04-04-01,通信网络管理员、互联网网络管理员、应急通信管理员,大数据及算力经济,2024年
462,兴山县,电工,6-31-01-03,煤矿井下防爆电工、化工检修电工、烟机电工、港机电工,新能源及高端装备,2024年
463,兴山县,焊工,6-18-02-04,电焊工、气焊工、钎焊工、焊接设备操作工、锅炉（承压）设备焊工,新能源及高端装备,2024年
464,兴山县,车工,6-18-01-01,数控车工、普通车工,新能源及高端装备,2024年
465,兴山县,铣工,6-18-01-02,数控铣工、普通铣工,新能源及高端装备,2024年
466,兴山县,机修钳工,6-31-01-02,化工检修钳工、烟机钳工,新能源及高端装备,2024年
467,兴山县,起重装卸机械操作工,6-30-05-01,履带吊司机、塔吊司机、汽车吊司机、桥式起重机司机、散料卸车机司机、堆取料机司机、流体装卸操作工、翻车司机、船舶吊车司机、叉车司机、堆垛车操作工、电动港口装卸机械司机、内燃港口装卸机械司机、高空作业机械操作工、起重装卸机械智能控制员,新能源及高端装备,2024年
468,兴山县,挖掘铲运和桩工机械司机,6-30-05-05,推土机司机、土石方挖掘机司机、铲运机司机、装载机司机、打桩工,新能源及高端装备,2024年
469,兴山县,电池制造工,6-24-04-00,电解液制作工、电池配料工、电极制造工、隔离层制备工、电池部件制备工、电池组（装）配工、电池试制工、电池制液工、电池化成工、固态电解质制造工、电池测试工,新能源及高端装备,2024年
470,兴山县,硫酸生产工,6-11-02-01,硫化物焙烧工、二氧化硫净化工、二氧化硫转化工、酸性气体干吸工、硫酸尾气处理工,现代化工新材料,2024年
471,兴山县,磷酸生产工,6-11-02-04,/,现代化工新材料,2024年
472,兴山县,涂料生产工,6-11-05-01,涂料合成树脂工、制漆配色调制工,现代化工新材料,2024年
473,兴山县,化工总控工S,6-11-05-01,/,现代化工新材料,2024年
474,兴山县,无机化学反应生产工,6-11-02-10,电化学反应工、窑炉反应工、黄磷生产工、电石生产工、钛白粉生产工、高频等离子工、二硫化碳生产工、炭黑生产工,现代化工新材料,2024年
475,兴山县,管工,6-29-03-04,/,其他,2024年
476,兴山县,架子工,6-29-01-05,普通架子工、附着升降脚手架安装拆卸工、高处作业吊篮安装拆卸工、高处作业吊篮操作工,其他,2024年
477,兴山县,钢筋工,6-29-01-04,/,其他,2024年
478,兴山县,防水工,6-29-02-08,防渗墙工,其他,2024年
479,兴山县,砌筑工,6-29-01-01,建筑瓦工、窑炉修筑工、船舶泥工、打胶工、金属屋面工、瓦屋面工,其他,2024年
480,兴山县,机械木工,6-06-03-02,木地板坯料制备工、木地板加工工、木地板表面造型处理工、实木及实木复合地板备料工、强化地板备料工、木地板成型工、木地板表面装饰工,其他,2024年
481,兴山县,中药材种植员,5-01-02-05,藏药材种植员、蒙药材种植员,其他,2024年
482,兴山县,家畜饲养员,5-03-02-01,驯马工、养猪工、草食家畜饲养工,其他,2024年
483,兴山县,家禽饲养员,5-03-02-02,养鸡工、水禽饲养员,其他,2024年
484,兴山县,农业技术员,5-05-01-01,农作物种植技术员、园艺生产技术员、畜牧技术员、水产技术员、营造林技术员、烟草栽培技术员、中药材生产技术员、农机技术员、农化技术员、肥料配方师、饲料配方师、茶园管理员、蜂媒授粉员、农药使用指导员,其他,2024年
485,兴山县,农机驾驶操作员,5-05-01-01,拖拉机驾驶员、耕整地机械操作工、插秧机操作工、移栽机操作工、植保机械操作工、茶叶采摘机操作工、棉花收获机操作工、联合收割机驾驶员、玉米收获机操作工、施肥机械操作工、灌溉机械操作工,其他,2024年
486,兴山县,农机修理工,5-05-05-02,/,其他,2024年
487,宜都市,缝纫工,6-05-01-03,服装制作工、毛衫套口工、纺织品缝纫工、缝纫制品填充工,新能源及高端装备,2024年
488,宜都市,服装缝纫,/,/,新能源及高端装备,2024年
489,宜都市,磨工,6-18-01-04,宝石轴承磨工、光学磨工、数控磨工、光学切割工、研磨工,新能源及高端装备,2024年
490,宜都市,焊工,6-18-02-04,电焊工、气焊工、钎焊工、焊接设备操作工、锅炉（承压）设备焊工,新能源及高端装备,2024年
491,宜都市,基础焊工,/,/,新能源及高端装备,2024年
492,宜都市,铸造工,6-18-02-01,熔炼浇注工、铸造型(芯)砂工、铸造工装工、铸造造型(芯)工、铸件清理工,新能源及高端装备,2024年
493,宜都市,锻造工,6-18-02-02,锻工、模锻工、锻造加热工、锻件切边工、锻件清理工、锻件校正工、水 (油)压机锻造工,新能源及高端装备,2024年
494,宜都市,起重装卸机械操作工,6-30-05-01,履带吊司机、塔吊司机、汽车吊司机、桥式吊车司机、散料卸车机司机、堆取料机司机、流体装卸操作工、翻车机工、船舶吊车司机、叉车司机、堆垛车操作工、电动港机装卸机械司机、内燃港机装卸机械司机,新能源及高端装备,2024年
495,宜都市,叉车操作,6-30-05-01,/,新能源及高端装备,2024年
496,宜都市,电工,6-31-01-03,/,新能源及高端装备,2024年
497,宜都市,电气控制员,6-29-03-08,/,新能源及高端装备,2024年
498,宜都市,光电仪器操作工,6-26-01-01,/,新能源及高端装备,2024年
499,宜都市,竹麻制品加工工,5-05-06-05,竹藤制品加工工、棕草编织工,新能源及高端装备,2024年
500,宜都市,锅炉操作工,6-28-01-11,/,新能源及高端装备,2024年
501,宜都市,工程机械维修工,6-31-01-09,/,新能源及高端装备,2024年
502,宜都市,机械木工,6-06-03-02,/,新能源及高端装备,2024年
503,宜都市,砌筑工,6-29-01-01,建筑瓦工、 窑炉修筑工、船舶泥工,新能源及高端装备,2024年
504,宜都市,混凝土工,6-29-01-03,混凝土搅拌工、 混凝土泵送工、混凝土浇筑工、混凝土模板工、混凝土修护工,新能源及高端装备,2024年
505,宜都市,钢筋工,6- 29-01-04,/,新能源及高端装备,2024年
506,宜都市,架子工,6-29-01-05,普通架子工、 附着升降脚手架安装拆卸工、 高处作业吊篮安装拆卸工、高处作业吊篮操作工,新能源及高端装备,2024年
507,宜都市,防水工,6-29-02-08,防渗墙工,新能源及高端装备,2024年
508,宜都市,客房服务员,4-04-01-02,/,文化旅游,2024年
509,宜都市,保安员,4-07-05-01,/,生命健康,2024年
510,宜都市,营养配餐员,4-03-02-06,/,生命健康,2024年
511,宜都市,家政服务员,4-10-01-06,/,生命健康,2024年
512,宜都市,物流配送员,4-02-06-03,/,生命健康,2024年
513,宜都市,衣物收纳员,4-10-01-06,/,生命健康,2024年
514,宜都市,健康管理师,4-14-02-02,/,生命健康,2024年
515,宜都市,育婴员,4-10-01-02,/,生命健康,2024年
516,宜都市,母婴护理员,4-10-01-06,/,生命健康,2024年
517,宜都市,保育师,4-10-01-03,/,生命健康,2024年
518,宜都市,保健按摩师,4-10-04-02,/,生命健康,2024年
519,宜都市,康复理疗工,2-05-07-13,/,生命健康,2024年
520,宜都市,美容师,4-10-03-01,/,生命健康,2024年
521,宜都市,艺术化妆工,2-09-04-04,/,生命健康,2024年
522,宜都市,养老护理员,4-10-01-05,失智老人照护员,生命健康,2024年
523,宜都市,茶叶加工工,6-02-06-10,/,生命健康,2024年
524,宜都市,中式面点师,4-03-02-02,/,生命健康,2024年
525,宜都市,西式面点师,4-03-02-04,/,生命健康,2024年
526,宜都市,饮料制作工,6-02-06-09,饮料调配工、饮料灌装工、果蔬汁加工工、果蔬汁浓缩工、固体饮料加工工、固体饮料喷雾造粒工,生命健康,2024年
527,宜都市,中式烹调师,4-03-02-01,药膳制作师,生命健康,2024年
528,宜都市,茶艺师,4-03-02-07,/,生命健康,2024年
529,宜都市,评茶员,6-02-06-11,/,生命健康,2024年
530,宜都市,化学检验员,6-31-03-01,/,现代化工新材料,2024年
531,宜都市,防腐蚀工,6-16-02-12,/,现代化工新材料,2024年
532,宜都市,检验工,2-02-31-01,/,现代化工新材料,2024年
533,宜都市,化工单元操作工,6-11-01-02,化工过滤工、化工蒸馏工、化工萃取工、化工蒸发工、化工热交换工、化工吸收工、化工吸附工、化工干燥工、化工结晶工、化工离心分离工、化工造粒工、化工洗涤工、脱酚工,现代化工新材料,2024年
534,宜都市,药师,2-05-06-01,/,现代化工新材料,2024年
535,宜都市,药物检验员,4-08-05-04,兽药检验员、药物分析师、药物微生物检定员、药理毒理试验员,现代化工新材料,2024年
536,宜都市,化学合成制药工,6-12-01-00,药物合成反应工、药物分离纯化工、原料药精制干燥工,现代化工新材料,2024年
537,宜都市,药物制剂工,6-12-03-00,片剂工、注塑机工、液体药剂工、胶囊剂工、气雾剂工、滴丸工、软膏剂工、栓剂工、膜剂工、贴剂工、制剂及医用制品灭菌工、中药酒（酊）剂工、中药露剂工、中药油剂工、中药糖浆剂工、中药合剂工、中药丸剂工、中药散剂（研配）工、药煎膏剂工、膏药剂工、中药茶剂工、中药胶剂工、中药灸熨剂工、中药提取工、颗粒剂工,现代化工新材料,2024年
538,宜都市,物流服务师,4-02-06-03,/,大数据及算力经济,2024年
539,宜都市,物业管理员,4-06-01-01,/,大数据及算力经济,2024年
540,宜都市,直播销售员,4-01-02-07,/,大数据及算力经济,2024年
541,宜都市,电子商务师,4-01-02-02,网商、跨境电子商务师,大数据及算力经济,2024年
542,宜都市,企业人力资源管理师,4-07-03-04,/,大数据及算力经济,2024年
543,宜都市,办公软件应用工,/,/,大数据及算力经济,2024年
544,宜都市,制图员,3-01-02-07,/,大数据及算力经济,2024年
545,宜都市,会计信息化账务处理员,2-06-03-00,/,大数据及算力经济,2024年
546,宜都市,无人机驾驶员,4-99-00-00,/,大数据及算力经济,2024年
547,宜都市,快递智能服务员,4-02-07-08,/,大数据及算力经济,2024年
548,宜都市,绩效薪酬管理员,/,/,大数据及算力经济,2024年
549,宜都市,商业收银工,4-01-02-04,/,大数据及算力经济,2024年
550,远安县,焊工,6-18-02-04,电焊工、气焊工、钎焊工、焊接设备操作工、锅炉（承压）设备焊工,新能源及高端装备,2024年
551,远安县,起重装卸机械操作工,6-30-05-01,叉车司机、塔吊司机,新能源及高端装备,2024年
552,远安县,挖掘铲运和桩工机械司机,6-30-05-05,推土机司机、挖掘机司机、装载机司机、铲运机司机,新能源及高端装备,2024年
553,远安县,电工,6-31-01-03,/,新能源及高端装备,2024年
554,远安县,电子商务师,4-01-02-02,网商,大数据及算力经济,2024年
555,远安县,全媒体运营师,4-13-05-04,/,大数据及算力经济,2024年
556,远安县,无人机驾驶员,4-09-00-00,/,大数据及算力经济,2024年
557,远安县,讲解员,4-13-01-03,/,文化旅游,2024年
558,远安县,家政服务员,4-10-01-06,母婴护理员、整理收纳师,文化旅游,2024年
559,远安县,中式面点师,4-03-02-02,/,文化旅游,2024年
560,远安县,中式烹调师,4-03-02-01,/,文化旅游,2024年
561,远安县,西式面点师,4-03-02-04,/,文化旅游,2024年
562,远安县,西式烹调师,4-03-02-03,/,文化旅游,2024年
563,远安县,导游,4-07-04-01,/,文化旅游,2024年
564,远安县,客户服务管理员,4-07-02-03,/,文化旅游,2024年
565,远安县,营销员,4-01-02-01,外贸营销员,文化旅游,2024年
566,远安县,客房服务员,4-03-01-02,/,文化旅游,2024年
567,远安县,农业技术员,5-05-01-01,农作物种植技术员、水产技术员、畜牧技术员、农机技术员、茶园管理员,文化旅游,2024年
568,远安县,茶叶加工工,6-02-06-10,茶叶初制工、茶叶精制工,文化旅游,2024年
569,远安县,茶艺师,4-03-02-07,/,文化旅游,2024年
570,远安县,园林绿化工,4-09-10-01,花卉园艺工、园林植保工,文化旅游,2024年
571,远安县,园艺工,5-01-02-02,蔬菜栽培工、花卉栽培工、果树栽培工、桑树栽培工、茶树栽培工,文化旅游,2024年
572,远安县,养老护理员,4-10-01-05,失智老人照护员,生命健康,2024年
573,远安县,育婴员,4-10-01-02,/,生命健康,2024年
574,远安县,保育师,4-10-01-03,/,生命健康,2024年
575,远安县,仪器仪表维修工,6-31-01-04,/,现代化工新材料,2024年
576,远安县,无机化学反应生产工,6-11-02-10,黄磷生产工、窑炉反应工,现代化工新材料,2024年
577,远安县,化学检验员,6-31-03-01,/,现代化工新材料,2024年
578,远安县,井下采矿工,6-16-01-05,井下采煤机司机、综采集控工、井下出矿工、井下钻机司机、井下采煤工、井下水采工、井筒维修工,现代化工新材料,2024年
579,远安县,选矿工,6-16-01-15,重介质分选工、选矿集控工、浮选工、磁选工、风选工、摇床选矿工、螺旋分选工、浮选药剂工,现代化工新材料,2024年
580,远安县,矿山安全防护工,6-16-01-10,矿井电气防爆检查工、井下探放水钻工、、矿井防灭工、矿压观测工、矿井防尘工、矿井测尘工,现代化工新材料,2024年
581,远安县,化工单元操作工,6-11-01-02,化工过滤工、化工蒸馏工、化工萃取工、化工蒸发工、化工热交换工、化工吸收工、化工吸附工、化工干燥工、化工结晶工、化工离心分离工、化工造粒工、化工洗涤工、脱酚工,现代化工新材料,2024年
582,远安县,架子工,6-29-01-05,普通架子工、附着升降脚手架安装拆卸工、高处作业吊篮安装拆卸工、高处作业吊篮操作工,其他,2024年
583,远安县,钢筋工,6-29-01-04,/,其他,2024年
584,远安县,混凝土工,6-29-01-03,混凝土搅拌工、混凝土泵送工、混凝土浇筑工、混凝土模板工、混凝土修护工,其他,2024年
585,远安县,砌筑工,6-29-01-01,建筑瓦工,其他,2024年
586,远安县,劳动关系协调员,4-07-03-02,劳动人事争议调解员,其他,2024年
587,远安县,物业管理员,4-06-01-01,/,其他,2024年
588,远安县,保安员,4-07-05-01,/,其他,2024年
589,远安县,保洁员,4-09-08-01,清扫工,其他,2024年
590,长阳县,汽车维修工,4-12-01-01,汽车检测工、汽车机械维修工、汽车电器维修工、汽车玻璃维修工、汽车美容装潢工、汽车车身整形修复工、汽车车身涂装修复工、二手车整备工,新能源及高端装备,2024年
591,长阳县,摩托车修理工,4-12-01-02,/,新能源及高端装备,2024年
592,长阳县,无人机驾驶员,4-99-00-00,/,新能源及高端装备,2024年
593,长阳县,电工,6-31-01-03,/,新能源及高端装备,2024年
594,长阳县,机修钳工,6-31-01-02,/,新能源及高端装备,2024年
595,长阳县,焊工,6-18-02-04,电焊工、气焊工、钎焊工、焊接设备操作工、锅炉（承压）设备焊工,新能源及高端装备,2024年
596,长阳县,起重装卸机械操作工,6-30-05-01,履带吊司机、塔吊司机、汽车吊司机、桥式吊车司机、散料卸车机司机、堆取料机司机、流体装卸操作工、翻车司机、船舶吊车司机、叉车司机、堆垛车操作工、电动港机装卸机械司机、内燃港机装卸机械司机,新能源及高端装备,2024年
597,长阳县,挖掘铲运和桩工机械司机,6-30-05-05,推土机司机、土石方挖掘机司机、铲运机司机、装载机司机、打桩工,新能源及高端装备,2024年
598,长阳县,防水工,6-29-02-08,防渗墙工,新能源及高端装备,2024年
599,长阳县,砌筑工,6-29-01-01,建筑瓦工、窑炉修筑工、船舶泥工,新能源及高端装备,2024年
600,长阳县,计算机及外部设备装配调试员,6-25-03-00,计算机整机装配调试员、 计算机零部件装配调试员、 计算机外部设备装配调试员、 计算机网络设备装配调试员,新能源及高端装备,2024年
601,长阳县,电子商务师,4-01-02-02,网商、跨境电子商务师,大数据及算力经济,2024年
602,长阳县,互联网营销师,4-01-02-07,直播销售员,大数据及算力经济,2024年
603,长阳县,美容师,4-10-03-01,皮肤管理师,文化旅游,2024年
604,长阳县,中式烹调师,4-03-02-01,药膳制作师,文化旅游,2024年
605,长阳县,中式面点师,4-03-02-02,/,文化旅游,2024年
606,长阳县,西式面点师,4-03-02-04,/,文化旅游,2024年
607,长阳县,茶艺师,4-03-02-07,/,文化旅游,2024年
608,长阳县,客房服务员,4-03-01-02,/,文化旅游,2024年
609,长阳县,休闲农业服务员,4-07-04-06,/,文化旅游,2024年
610,长阳县,职业指导员,4-07-03-01,残疾人就业辅导员、残疾人职业能力评估师,文化旅游,2024年
611,长阳县,导游,4-07-04-01,/,文化旅游,2024年
612,长阳县,旅游咨询员,4-07-04-04,/,文化旅游,2024年
613,长阳县,保安员,4-07-05-01,/,文化旅游,2024年
614,长阳县,物业管理员,4-06-01-01,/,文化旅游,2024年
615,长阳县,物流服务师,4-02-06-03,/,文化旅游,2024年
616,长阳县,缝纫工,6-05-01-03,服装制作工、毛衫套口工、纺织品缝纫工、缝纫制品充填工,文化旅游,2024年
617,长阳县,竹麻制品加工工,5-05-06-05,竹藤制品加工工、棕草编织工,文化旅游,2024年
618,长阳县,盆景工,4-09-10-03,树桩盆景工、 山石盆景工,文化旅游,2024年
619,长阳县,园艺工,5-01-02-02,蔬菜栽培工、 花卉栽培工、 果树栽培工、 桑树栽培工、 茶树栽培工,文化旅游,2024年
620,长阳县,育婴员,4-10-01-02,/,生命健康,2024年
621,长阳县,保育师,4-10-01-03,/,生命健康,2024年
622,长阳县,家政服务员,4-10-01-06,母婴护理员、整理收纳师,生命健康,2024年
623,长阳县,养老护理员,4-10-01-05,失智老人照护员,生命健康,2024年
624,长阳县,保健按摩师,4-10-04-02,脊柱按摩师、足部按摩师、反射疗法师,生命健康,2024年
625,长阳县,茶叶加工工,6-02-06-10,茶叶初制工、茶叶精制工,生命健康,2024年
626,长阳县,农产品食品检验员,4-08-05-01,农产品质量安全检测员、粮油质量检验员、食品检验员,生命健康,2024年
627,长阳县,肉制品加工工,6-01-04-03,腌腊发酵制品加工工、蒸煮熏烤制品加工工、 调理肉制品加工工,生命健康,2024年
628,长阳县,农业技术员,5-05-01-01,农作物种植技术员、园艺生产技术员、畜牧技术员、水产技术员、营造林技术员、烟草栽培技术员、中药材生产技术员、农机技术员、农化技术员、肥料配方师、饲料配方师、茶园管理员,生命健康,2024年
629,长阳县,经济昆虫养殖员,5-03-03-01,养蜂员、蚕饲养员、益虫饲养员,生命健康,2024年
630,长阳县,中药材种植员,5-01-02-05,/,生命健康,2024年
631,枝江市,锅炉设备制造工,6-20-02-01,锅炉设备装配工、锅炉设备试压工、锅炉卷板工、锅炉大件热处理工,新能源及高端装备,2024年
632,枝江市,锻造工,6-18-02-02,自由锻锻工、模锻工、锻造加热工、锻件切边工、锻件清理工、锻件校正工、水(油)压机锻造工,新能源及高端装备,2024年
633,枝江市,电机检修工,6-31-01-07,电动机检修工 ,新能源及高端装备,2024年
634,枝江市,铣工,6-18-01-02,数控铣工、普通铣工,新能源及高端装备,2024年
635,枝江市,机修钳工,6-31-01-02,化工检修钳工 ,新能源及高端装备,2024年
636,枝江市,电工,6-31-01-03,化工检修电工 ,新能源及高端装备,2024年
637,枝江市,车工,6-18-01-01,数控车工、普通车工,新能源及高端装备,2024年
638,枝江市,焊工,6-18-02-04,电焊工、气焊工、钎焊工、焊接设备操作工、锅炉 (承压)设备焊工,新能源及高端装备,2024年
639,枝江市,起重装卸机械操作工,6-30-05-01,叉车司机 ,新能源及高端装备,2024年
640,枝江市,电子商务师,4-01-06-01,网商、电商咨询师,大数据及算力经济,2024年
641,枝江市,互联网营销师,4-01-06-02,直播销售员、商品选品员、视频创推员、平台管理员,大数据及算力经济,2024年
642,枝江市,园艺工,5-01-02-02,蔬菜栽培工、花卉栽培工、果树栽培工、桑树栽培工、茶树栽培工,文化旅游,2024年
643,枝江市,中式面点师,4-03-02-02,/,文化旅游,2024年
644,枝江市,中式烹调师,4-03-02-01,药膳制作师、火锅料理师,文化旅游,2024年
645,枝江市,西式面点师,4-03-02-04,/,文化旅游,2024年
646,枝江市,客房服务员,4-03-01-02,/,文化旅游,2024年
647,枝江市,物业管理师,4-06-01-01,/,文化旅游,2024年
648,枝江市,茶艺师,4-03-02-07,/,文化旅游,2024年
649,枝江市,食品、饮料生产加工人员,6-02-01至6-02-99,罐头食品加工工、饮料制作工,文化旅游,2024年
650,枝江市,农产品食品检验员,4-08-05-01,食品检验员,文化旅游,2024年
651,枝江市,婴幼儿发展引导员,4-10-01-01,育婴员,生命健康,2024年
652,枝江市,保育师,4-10-01-03,托育师,生命健康,2024年
653,枝江市,家政服务员,4-10-01-06,母婴护理员、家务服务员、家庭照护员,生命健康,2024年
654,枝江市,养老护理员,4-10-01-05,失智老人照护员,生命健康,2024年
655,枝江市,保健按摩师,4-10-04-02,脊柱按摩师、足部按摩师,生命健康,2024年
656,枝江市,医用材料产品生产工,6-21-06-04,/,生命健康,2024年
657,枝江市,化工总控工,6-11-01-03,/,现代化工新材料,2024年
658,枝江市,化学检验员,6-31-03-01,/,现代化工新材料,2024年
659,枝江市,试验员,6-31-03-06,化工工艺试验工,现代化工新材料,2024年
660,枝江市,家畜饲养员,5-03-02-01,养猪工、草食家畜饲养工,其他,2024年
661,枝江市,家禽饲养员,5-03-02-02,养鸡工、水禽饲养员,其他,2024年
662,枝江市,水生动物饲养工,5-04-02-01,淡水鱼类繁育工,其他,2024年
663,枝江市,手工木工,6-06-03-01,精细木工、木屋架工、木制家具工、木门窗工、木模板工、建筑木雕工、室内木装修工,其他,2024年
664,枝江市,缝纫工,6-05-01-03,服装制作工、毛衫套口工、纺织品缝纫工、缝纫制品充填工,其他,2024年
665,枝江市,砌筑工,6-29-01-01,建筑瓦工 ,其他,2024年
666,枝江市,钢筋工,6-29-01-04,/,其他,2024年
667,秭归县,养老护理员,4-10-01-05,失智老人照护员,生命健康,2024年
668,秭归县,育婴员,4-10-01-02,/,生命健康,2024年
669,秭归县,营养配餐员,4-03-02-06,中式烹调师、中式面点师、西式面点师、公共营养师、健康管理师,生命健康,2024年
670,秭归县,互联网营销师,4-01-02-07,选品员、直播销售员、视频创推员、平台管理员,大数据及算力经济,2024年
671,秭归县,摄影师,4-08-09-01,/,文化旅游,2024年
672,秭归县,家用纺织品设计师,2-10-07-16,/,文化旅游,2024年
673,秭归县,刺绣工,6-09-03-11,/,文化旅游,2024年
674,秭归县,旅行社计调,4-07-04-03,导游、旅游咨询员、旅游策划师,文化旅游,2024年
675,秭归县,钳工,6-20-01-01,机修钳工、装配钳工、工具钳工,现代化工新材料,2024年
676,秭归县,电工,6-31-01-03,/,现代化工新材料,2024年
677,秭归县,水泥生产工,6-15-01-01,/,现代化工新材料,2024年
678,秭归县,玻璃纤维及制品工,6-15-04-01,配料熔制工、制造工、玻纤非织造制品生产工,现代化工新材料,2024年
679,秭归县,农艺工（屈乡橙农劳务品牌）,5-01-01-01,/,其他,2024年
680,秭归县,茶叶加工,5-01-06-03,/,其他,2024年
681,秭归县,装配式建筑施工员,6-29-01-06,钢筋工、架子工、混凝土工、手工木工、砌筑工、防水工,其他,2024年
