slgcmc,Pricingproject,Denominatedin,Thepricestandard,Feebasis,note
东风渠灌区,农业供水价格,元/㎥,0.105,宜价管〔2017〕3号,
东风渠灌区,农村安全饮水工程供水原水价格,元/㎥,主要供应农村居民生活用水（含少量集镇、城镇用水）的供水公司：0.176,宜发改价管〔2021〕53号,
东风渠灌区,农村安全饮水工程供水原水价格,元/㎥,供应其它有关农村安全饮水工程：不高于0.186,宜发改价管〔2021〕53号,
东风渠灌区,农村安全饮水工程供水原水价格,元/㎥,直接供应农村居民生活用水（不含集镇、城镇用水）的供水公司：0.166,宜发改价管〔2021〕53号,
东风渠灌区,城市供水原水价格,元/㎥,夷陵区民生自来水公司0.186,宜价管〔2017〕3号,
东风渠灌区,城市供水原水价格,元/㎥,市自来水公司0.206,宜价管〔2017〕3号,
东风渠灌区,城市供水原水价格,元/㎥,蓝天水务公司0.226,宜价管〔2017〕3号,
