xh,xsq,byxz,yeymc,yeyxxdz,dh,bjf,hsf
1,西陵区,公办,宜昌市桃花岭幼儿园,西陵区云集街道桃花岭社区桃花岭2号,6911819,2250,2200
2,西陵区,公办,宜昌市平湖幼儿园,西陵区夜明珠街道夜明珠社区朝阳路105-19号,6625108,2000,2200
3,西陵区,公办,宜昌市童欣幼儿园,西陵区学院街道墨池巷社区献福路11号,6743250,2250,2200
4,西陵区,公办,宜昌市城建幼儿园,西陵区学院街道气象台社区西陵一路46号,6448371,2250,2200
5,西陵区,公办,宜昌市基建幼儿园,西陵区西陵街道香锦社区体育场路2-1号,6435202,2250,2200
6,西陵区,公办,宜昌市卫生幼儿园,西陵区云集街道夷陵路社区夷陵大道84号,6253689,2250,2200
7,西陵区,公办,宜昌市粮食幼儿园,西陵区云集街道二马路社区沿江大道106号,6221206,2000,2200
8,西陵区,公办,宜昌市西陵区晴川明月幼儿园,西陵区葛洲坝街道东方社区东湖一路与珍珠路交汇处,13807201816,1500,2200
9,西陵区,公办,宜昌市西陵区和塘悦舍幼儿园,西陵区窑湾街道峡州社区唐家湾36号,6577299,1500,2200
10,西陵区,公办,宜昌市西陵区御景天地幼儿园,西陵区窑湾街道朝阳路社区大连路66号,6286883,1500,2200
11,西陵区,公办,宜昌市西陵区北辰港湾幼儿园,西陵区西陵街道船柴社区西陵二路107-8-2,18908601091,1500,2200
12,西陵区,公办,宜昌市西陵区见山幼儿园,西陵区窑湾街道金斗山社区峡州大道53号,17762898177,1500,2200
13,西陵区,公办,宜昌市葛洲坝中心幼儿园,西陵区葛洲坝街道清波社区镇平路48号,6798091,2250,2200
14,西陵区,公办,宜昌市葛洲坝东山幼儿园,西陵区夜明珠街道常家湾社区肖家岗路20号,6713366,2250,2200
15,西陵区,公办,宜昌市葛洲坝西坝幼儿园,西陵区西坝街道幸福路社区建设路19号,6716750,2250,2200
16,西陵区,公办,宜昌市葛洲坝希望幼儿园,西陵区夜明珠街道英雄山社区望洲岗路39号,6718650,2000,2200
17,西陵区,公办,宜昌市葛洲坝蓓蕾幼儿园,西陵区夜明珠街道常家湾社区肖家岗路9号,6796698,1500,2200
18,西陵区,公办,宜昌市幼儿园,宜昌市青岛路11号,6399638,2250,2200
19,西陵区,公办,宜昌市国姿幼儿园,城东大道11附2号,6341681－606,2250,2200
20,西陵区,公办,宜昌市西陵区恒大帝景幼儿园,山河园路16号,6741780,2000,2200
21,西陵区,公办,宜昌市西陵区保利时代幼儿园,汕头路18号,6620696-805,1500,2200
22,西陵区,公办,宜昌市西陵区巴黎香颂幼儿园,城东大道71号,6212373,1500,2200
23,西陵区,公办,宜昌市西陵区颐和雅郡幼儿园,发展大道28号,6341681-606,1500,2200
24,西陵区,公办,宜昌市西陵区文澜府幼儿园,厦门路25号,6098815,1500,2200
25,西陵区,民办,宜昌市西陵区东方幼儿园,西陵区夜明珠街道肖家岗社区31号,15907205188,2800,2300
26,西陵区,民办,宜昌市西陵区津桥幼儿园,西陵区西陵街道营盘路社区营盘路2号,6830666,3000,2500
27,西陵区,民办,宜昌市西陵区世家幼儿园,西陵区西陵街道土街头社区北门外正街11号,6300317,4000,2800
28,西陵区,民办,宜昌市西陵区民悦幼儿园,西陵区西陵街道船柴社区西陵二路85号,6302168,2980,2500
29,西陵区,民办,宜昌市西陵区小灵童幼儿园,西陵区窑湾街道唐家湾社区唐家湾路48号,6229958,2800,2200
30,西陵区,民办,宜昌市西陵区育才幼儿园,西陵区葛洲坝街道长樵溪社区东山大道20号,6719235,3500,2500
31,西陵区,民办,宜昌市西陵区阳光幼儿园,西陵区夜明珠街道夜明珠社区夜明珠56号,6719288,2900,2200
32,西陵区,民办,宜昌市西陵区学辰幼儿园,西陵区窑湾街道金斗山社区西湖路39号,13972001230,2800,2000
33,西陵区,民办,宜昌市西陵区拉菲小镇幼儿园,西陵区窑湾街道金斗山社区峡州大道16号,6622225,2800,2000
34,西陵区,民办,宜昌市西陵区唐家湾幼儿园,西陵区窑湾街道唐家湾社区唐家湾路37号,6233318,3000,2000
35,西陵区,民办,宜昌市西陵区西江康城幼儿园,港窑路36号15栋,18071905678,3500,2200
36,西陵区,民办,宜昌市西陵区长江幼儿园,港窑路32号晗香园小区　,6050054,3500,2200
37,西陵区,民办,宜昌市西陵区城东幼儿园,城东大道8号,6907456,3500,2500
38,西陵区,民办,宜昌市西陵区实验幼儿园,宜昌市港窑路11号,6444418,3500,2300
39,西陵区,民办,宜昌市西陵区世纪嘉禾幼儿园,西陵区西陵街道刘家大堰社区刘家大堰71号,6836299,9800,2800
40,西陵区,民办,宜昌市西陵区世纪花园幼儿园,西陵区云集街道小林园社区滨湖路2号,6485519,8800,2800
41,西陵区,民办,宜昌市西陵区银河星辉幼儿园,西陵区学院街道东门外正街社区珍珠路56-2号,6731979,7000,2800
42,西陵区,民办,宜昌市西陵区银河星耀幼儿园,西陵区窑湾街道东山社区东山村路6-31号,6282389,7000,2800
43,西陵区,民办,宜昌市西陵区伊顿慧智幼儿园,西陵区葛洲坝街道锦绣社区樵湖二路70号,6798165,14400,2500
44,西陵区,民办,宜昌市西陵区学府幼儿园,西陵区西陵街道大学路社区大学路8号,13972566588,7500,2200
45,西陵区,民办,宜昌市西陵区金东方幼儿园,宜昌市西陵区城东大道69号,15629341107,28800,3600
46,西陵区,民办,宜昌市西陵区爱和自由幼儿园,城东大道38号,6335996,9800,2300
47,西陵区,民办,宜昌市西陵区银河星光幼儿园,城东大道38号,13972515765,7000,2800
48,伍家岗区,公办,伍家岗区中心幼儿园 ,东艳路9号(宜化新天地小区),6564465,2250,2200
49,伍家岗区,公办,伍家岗区八一幼儿园,伍家岗区夷陵大道466-6-1（仁和医院旁伍家岗小区内）,6555116,2200,2200
50,伍家岗区,公办,伍家岗区梧桐邑幼儿园,东站路2号（梧桐邑小区）,6553219,2200,2200
51,伍家岗区,公办,伍家岗区九安城幼儿园,合益路205号（九安城小区）,6558965,2200,2200
52,伍家岗区,公办,伍家岗区月亮湾幼儿园,城东大道115号（月亮湾小区）,6560816,2200,2200
53,伍家岗区,公办,伍家岗区民欣家园幼儿园,伍家岗区中南一路42号,6211525,2200,2200
54,伍家岗区,公办,伍家岗区共谊幼儿园,伍家岗区东站路8号,6550301,2200,2200
55,伍家岗区,公办,伍家岗区映象左岸幼儿园,宜昌市伍家岗区夷陵大道290号,6211799,2200,2200
56,伍家岗区,公办,伍家岗区恒大山水幼儿园,伍家岗区东山大道与花溪路交汇处,6887928,2200,2200
57,伍家岗区,公办,伍家岗区宜城春晓幼儿园,伍家岗区东站路178号,6381811,2200,2200
58,伍家岗区,公办,伍家岗区公园壹号幼儿园,伍家岗区东站路19号,6290989,2200,2200
59,伍家岗区,公办,伍家岗区中建之星幼儿园,沈白路（中建之星C区）,6567088,2200,2200
60,伍家岗区,公办,伍家岗区听涛苑幼儿园,宜昌市伍家岗区听涛苑小区内,6590008,2200,2200
61,伍家岗区,公办,伍家岗区临江郡幼儿园,共联村临江郡安置小区内,6555508,2200,2200
62,伍家岗区,公办,伍家岗区教育幼儿园,伍家岗区伍葫路2号,6571966,2200,2200
63,伍家岗区,公办,伍家岗区第一幼儿园,伍家岗区桔城路148号（桔城路BRT公交站100米处）,6866299,2200,2200
64,伍家岗区,公办,伍家岗区中心幼儿园东园,宜昌市伍家岗区宜化新天地（三期）,6559066,2200,2200
65,伍家岗区,公办,伍家岗区凤凰城幼儿园,宜昌市伍家岗区白沙路21--7-101号,6553499,2200,2200
66,伍家岗区,公办,伍家岗区玲珑幼儿园,宜昌市伍家岗区城东大道105号,6550001,2200,2200
67,伍家岗区,公办,伍家岗区金色幼儿园,宜昌市伍家岗区花溪路66号,6282166,2200,2200
68,伍家岗区,公办,伍家岗区万豪中心幼儿园,宜昌市伍家岗区同强路7号,6596556,2200,2200
69,伍家岗区,公办,伍家岗区星光幼儿园,宜昌市伍家岗区合益路59号,6211293,2200,2200
70,伍家岗区,民办,伍家岗区小天使幼儿园,城东大道89号（旭东馨苑小区内）,13545755837,3300,2500
71,伍家岗区,民办,伍家岗区津桥幼儿园,中南路45号（民安家园小区内）,6223228,3300,2500
72,伍家岗区,民办,伍家岗区东辰心语幼儿园,东艳路东辰心语小区,6592558,3300,2500
73,伍家岗区,民办,伍家岗区大拇指育才幼儿园,东艳路（城洋景苑小区内）,13972002221,3300,2500
74,伍家岗区,民办,伍家岗区大拇指英才幼儿园,共同村(沁园小区),13972008900,3300,2500
75,伍家岗区,民办,伍家岗区大拇指伟才幼儿园,伍家岗区同强路秋语台小区11号楼,13972002070,3300,2500
76,伍家岗区,民办,伍家岗区大拇指德才幼儿园,花艳路11号（铁路和谐佳苑小区）,13972005377,3300,2500
77,伍家岗区,民办,伍家岗区天宝幼儿园,桔城路3-11号（都市田园小区内）,13197307999,3300,2700
78,伍家岗区,民办,伍家岗区福久源幼儿园,宜昌市桔城路6号,13545725550,3300,3000
79,伍家岗区,民办,伍家岗区幸福童年幼儿园,伍临路21号（香城尚都小区）,18907205558,3300,3000
80,伍家岗区,民办,伍家岗区上上城森林幼儿园,中南1路13号,15997688989,2700,3000
81,伍家岗区,民办,伍家岗区福星幼儿园,中南路29号（东辰壹号小区后）,13098411567,3300,2700
82,伍家岗区,民办,伍家岗区城市星空幼儿园,东山大道143号,13487264936,6800,2000
83,伍家岗区,民办,伍家岗区小博士幼儿园,胜利二路河运新村3号,13886710978,6700,2500
84,伍家岗区,民办,伍家岗区蓓蕾幼儿园,宜昌市夷陵大道195号,17771712822,13800,2500
85,伍家岗区,民办,伍家岗区廊桥水岸幼儿园,沿江大道169号,13997746655,6300,2500
86,伍家岗区,民办,伍家岗区蓓蕾幼儿园分园,中南路8-14号（民益家园小区）,15171868999,10800,2000
87,伍家岗区,民办,伍家岗区六一·世纪阳光幼儿园,东山大道339号世纪阳光8号楼,18972580861,9300,2200
88,伍家岗区,民办,伍家岗区六一·城中金谷幼儿园,东山大道合益路88号（城中金谷小区）,18972580860,12800,2200
89,伍家岗区,民办,伍家岗区蓝迪上上城幼儿园,松林路与竹涛路交叉口（上上城二期）,6972230,12250,1650
90,伍家岗区,民办,伍家岗区小苹果幼儿园,中南路32号（英杰学校旁）,13886745105,11800,2400
91,伍家岗区,民办,伍家岗区银河幼儿园,沿江大道218号（江山多娇三期内）,13487237703,13600,2800
92,伍家岗区,民办,伍家岗区开心娃幼儿园,伍临路9号,13469874487,4300,2500
93,伍家岗区,民办,龙盘湖幼儿园,伍临路99号,15871590266,24800,3600
94,夷陵区,公办,宜昌市夷陵区直属机关幼儿园,夷陵区小溪塔东湖路一巷1号,13774191809,2200,2000
95,夷陵区,公办,夷陵区直属机关幼儿园冯家湾分园,夷陵区小溪塔人寿桥路15号,13872534169,1950,2000
96,夷陵区,公办,夷陵区直属机关幼儿园黄金卡分园,夷陵区东城试验区平云三路25号,18107175986,1950,2000
97,夷陵区,公办,夷陵区直属机关幼儿园东城分园,夷陵区东城试验区东城大道国湾星城小区,18062392060,1450,2000
98,夷陵区,公办,宜昌市夷陵区直属机关幼儿园理想城分园,夷陵区东城路26号,15337432000,1450,2000
99,夷陵区,公办,宜昌市夷陵区直属机关幼儿园城央壹品分园,夷陵区东城试验区发展大道135号,13886742125,1450,2000
100,夷陵区,公办,宜昌市夷陵区直属机关幼儿园姜家湾分园,姜家湾同福花园,13872604666,1450,2000
101,夷陵区,民办,夷陵天问国际学校幼儿园,宜昌市夷陵区东湖大道35号（锦江社区）,13972582900,13800,3500
102,夷陵区,民办,宜昌市夷陵区星湖湾幼儿园,宜昌市夷陵区松湖路17号（丁家坝社区）,18972529518,7200,2000
103,夷陵区,民办,宜昌市夷陵区湖锦大地幼儿园,宜昌市夷陵区锦江东路5号湖锦花园内（峡江社区）,18602755551,6400,1800
104,夷陵区,民办,宜昌市夷陵区金凤朝阳幼儿园,宜昌市夷陵区黄金路42号（朝阳社区）,15871557134,6960,1800
105,夷陵区,民办,宜昌市夷陵区金色摇篮幼儿园,宜昌市夷陵区平云一路6号（平湖社区）,13872506853,5000,1500
106,夷陵区,民办,宜昌市夷陵区沐梓幼儿园,夷陵区发展大道192嘉豪城二期内（平云社区）,13177093588,老生4000新生4300,1500
107,夷陵区,民办,宜昌市夷陵区二二中心幼儿园,宜昌市夷陵区望江路1号(望江社区）,13986742167,4000,1800
108,夷陵区,民办,宜昌市夷陵区小溪塔中心幼儿园,宜昌市夷陵区小溪塔街道明珠三巷14号（兴安社区）,18972549988,4000,1500
109,夷陵区,民办,宜昌市夷陵区玫瑰城赢第幼儿园,夷陵区罗河路598号（黄金卡社区）,18062767865,6000,2300
110,夷陵区,民办,宜昌市夷陵区三色幼儿园,夷陵区东湖大道至上未来城11号（润城社区）,13343546464,老生5710新生6308,2000
111,夷陵区,民办,宜昌市夷陵区育美幼儿园,宜昌市夷陵区锦江社区钓鱼台小区二号0030栋（锦江社区）,18986806336,4000,2500
112,夷陵区,民办,宜昌市夷陵区平湖育才幼儿园,宜昌市夷陵区三峡路17号（港虹社区）,18671710166,2925,2000
113,夷陵区,民办,宜昌市夷陵区仓屋榜幼儿园,宜昌市夷陵区小溪塔街道仓屋榜村三组,18695062699,2925,1100
114,夷陵区,民办,小苹果花语树幼儿园,夷陵区发展大道162号(锦湖社区),18972524966,老生2925新生4000,2500
115,夷陵区,民办,夷陵经济开发区阳光宝贝幼儿园,宜昌市夷陵区鄢家河村六组佳兴花园,13397209353,2500,1500
116,夷陵区,民办,宜昌市夷陵区东湖幼儿园,宜昌市夷陵区东湖三巷五号（东城社区）,13581495566,2925,2000
117,夷陵区,民办,夷陵区清江学子幼儿园,夷陵区发展大道99号（锦江社区）,15171773777,老生2925新生3500,2000
118,夷陵区,民办,湖北省宜昌市夷陵区小溪塔育苗幼儿园,小溪塔街道黄金卡社区黄金路95号（黄金卡社区）,13507200577,老生2700新生2920,1800
119,夷陵区,民办,宜昌市夷陵区盼盼幼儿园,宜昌市夷陵区小溪塔湖光二巷93号（峡江社区）,13886657096,2900,1600
120,夷陵区,民办,宜昌市夷陵区城建幼儿园,宜昌市夷陵区夷兴大道195号（平湖社区）,18671775596,2900,1500
121,夷陵区,民办,夷陵区三峡幼儿园,宜昌市夷陵区三峡路1号（港虹社区）,13098419001,2925,1500
122,夷陵区,民办,宜昌市夷陵区小溪塔童欣幼儿园,宜昌市夷陵区小溪塔街道百花三巷4号（兴安社区）,15549272777,2925,2000
123,夷陵区,民办,宜昌市夷陵区恒大华大天童幼儿园,夷陵区发展大道117号恒大绿洲小区内（绿洲社区）,18671706590,老生2925，新生4000,2200
124,夷陵区,公办,夷陵区直属机关幼儿园邓村分园,夷陵区太平溪镇平安路1号,15507209407,1950,走读2000晚托2300
125,夷陵区,公办,夷陵区直属机关幼儿园太平溪分园,夷陵区邓村乡邓村坪三组,13872472355,1950,走读2000晚托2300
126,夷陵区,公办,夷陵区直属机关幼儿园三斗坪分园,三斗坪镇经贸路32号,15872614559,1450,走读2000晚托2300
127,夷陵区,民办,夷陵区三斗坪镇小太阳幼儿园,三斗坪镇高家冲村,13114461828,1800,1200
128,夷陵区,公办,夷陵区直属机关幼儿园乐天溪分园,夷陵区乐天溪镇陈家冲村,18727624832,1450,走读2000晚托2300
129,夷陵区,民办,夷陵区乐天溪七彩幼儿园,瓦窑坪一组,13477166238,2000,1200
130,夷陵区,民办,夷陵区乐天溪镇中心幼儿园,乐天溪镇朱家湾村1组,15971673950,2200,1000
131,夷陵区,民办,夷陵区乐天溪镇育苗幼儿园,乐天溪镇瓦窑坪村江峡二道,15071801118,2200,1200
132,夷陵区,公办,夷陵区直属机关幼儿园雾渡河分园,夷陵区雾渡河镇茅坪河社区居委会三组,13227269286,1450,2000
133,夷陵区,公办,夷陵区直属机关幼儿园樟村坪分园,樟村坪镇迎宾路26号,18371758801,1950,2000
134,夷陵区,公办,夷陵区直属机关幼儿园下堡坪分园,夷陵区下堡坪乡下堡坪村楠树路49号,18671726552,1450,2000
135,夷陵区,公办,夷陵区直属机关幼儿园黄花分园,夷陵区黄花镇丁家路机关幼儿园黄花分园,13986831380,老生1450新生1950,2000
136,夷陵区,民办,夷陵区黄花镇中心幼儿园,黄花镇黄花场路25号,13872607668,2900,1500
137,夷陵区,公办,夷陵区直属机关幼儿园龙泉分园,夷陵区龙泉镇龙泉大道1号,15872606655,1950,2000
138,夷陵区,民办,夷陵区龙泉镇新芽幼儿园,宜昌市夷陵区龙泉镇钟家畈村三组,13487236553,2800,1800
139,夷陵区,公办,夷陵区直属机关幼儿园鸦鹊岭分园,夷陵区鸦鹊岭镇梅林村4组（惠民小区）,15971658722,1950,2000
140,夷陵区,民办,夷陵区鸦鹊岭镇幼儿园,宜昌市夷陵区鸦鹊岭镇梅林大道99号,13507209563,3000,1400
141,夷陵区,民办,夷陵区鸦鹊岭镇英才幼儿园,宜昌市夷陵区鸦鹊岭镇黄金堂村二组,15997600136,3000,1300
142,夷陵区,民办,宜昌市夷陵区鸦鹊岭镇酷宝宝幼儿园,宜昌市夷陵区鸦鹊岭镇金河村五组,13618680318,2500,1300
143,夷陵区,公办,宜昌市夷陵区直属机关幼儿园山海大观分园,夷兴大道8号,18672100372,1450,2000
144,夷陵区,公办,宜昌市夷陵区直属机关幼儿园澜溪谷分园,夷陵区东方大道1号银河一路4号,13487292396,1450,2000
145,夷陵区,公办,宜昌市夷陵区直属机关幼儿园悦府分园,悦府路28号,15337432000,1450,2000
146,夷陵区,公办,宜昌市夷陵区直属机关幼儿园梅子垭分园,夷陵区东城试验区梅子垭村梅岭欣城36栋,15207207799,1450,2000
147,夷陵区,公办,宜昌市夷陵区直属机关幼儿园名都分园,夷陵区东城试验区东方大道恒大名都二期,15572776435,1450,2000
148,夷陵区,公办,宜昌市夷陵区直属机关幼儿园锦绣星城分园,夷陵区锦绣星城小区,15997588047,1450,2000
149,夷陵区,公办,宜昌市夷陵区直属机关幼儿园分乡分园,夷陵区分乡镇明珠南路30号,13986775853,1450,2000
150,夷陵区,公办,宜昌市夷陵区直属机关幼儿园至喜分园,小溪塔街道湖光路二巷74号,15571739118,1450,2000
151,夷陵区,公办,宜昌市夷陵区直属机关幼儿园橘颂分园,小溪塔东湖书院小区,15997596429,1450,2000
152,夷陵区,公办,宜昌市夷陵区直属机关幼儿园云廷分园,夷陵区东城试验区东方大道碧桂园云廷小区,15572776435,1450,2000
153,夷陵区,公办,宜昌市夷陵区直属机关幼儿园东湖雅居分园,夷陵区东湖雅居小区C区,18694080215,1450,2000
154,夷陵区,公办,宜昌市夷陵区直属机关幼儿园丁家坝分园,夷陵区锦江大道32号,15872599651,1450,2000
155,点军区,公办园,点军区至喜幼儿园,点军街办李家河村（佳和家园小区配套园）,18607200870,1500,1800
156,点军区,公办园,点军区联棚幼儿园,宜昌市点军区联棚乡集镇,13277176747,1500,1800
157,点军区,公办园,点军区土城幼儿园,宜昌市点军区土城乡李家坝村一组,13972519806,2000,1500
158,点军区,公办园,点军区桥边幼儿园,点军大道200号（丽桥瑞园小区配套园）,19307176850,1500,1800
159,点军区,公办园,点军区艾家幼儿园,点军区艾家镇刘家村6组(艾家小学内),15090920188,1500,1800
160,点军区,公办园,点军区城发幼儿园,点军区点军大道45号（宜昌市妇女儿童中心内）,18986838111,1500,2600
161,点军区,公办园,点军区实验幼儿园,点军区点军大道66号（碧桂园御园小区配套园）,18972031395,1500,2200
162,点军区,民办园,点军区龙悦幼儿园,宜昌市点军区五龙大道135号,0717-6622658,1950,3000
163,点军区,民办园,点军区康贝幼儿园,宜昌市点军区五龙三路八号,13986788622,1950,3000
164,点军区,民办园,点军区阳光幼儿园,点军区五龙阳光小区,18071905678,2550,2100
165,点军区,民办园,点军区伟才幼儿园,点军区朱市街卷桥河一路5号（URD小区配套园）,17386686911,1950,2600
166,点军区,民办园,点军区启航幼儿园,宜昌市点军区桥边镇太平村盛世名居安置小区,13235622711,1950,2310
167,猇亭区,公办园,宜昌市猇亭区教育幼儿园,宜昌市猇亭区正大路33号,0717-6514545,2250,2200
168,猇亭区,公办园,宜昌市猇亭区桐岭新村幼儿园,猇亭区古老背街道金岭路,0717-6516108,1500,2200
169,猇亭区,公办园,宜昌市猇亭区七里新村幼儿园,宜昌市猇亭区七里冲路七里新村安置小区3期（六泉湖社区）,0717-6934789,1500,2200
170,猇亭区,公办园,宜昌市猇亭区春风十里幼儿园,六泉湖路21号,0717-6990820,1500,2200
171,猇亭区,民办园,宜昌市猇亭区盛世天下幼儿园,猇亭区银岭路59号,18972588369,3600,2200
172,猇亭区,民办园,宜昌市猇亭区东都幼儿园,猇亭区金猇路105号,13972577898,3600,2000
173,猇亭区,民办园,宜昌市猇亭区六泉湖幼儿园,六泉湖社区36栋,13177050962,2700,1800
174,宜昌高新区,公办园,宜昌高新技术产业开发区白洋园区中心幼儿园,白洋镇新民路8号,0717-4401299,1500,1800
175,宜昌高新区,公办园,宜昌高新区东锦苑幼儿园,高新区东站路297号,0717-6368601,1500,2200
176,宜昌高新区,公办园,宜昌高新技术产业开发区土门幼儿园,宜昌高新区生物园区双河路119号,0717-7701162,1500,2200
177,宜昌高新区,民办园,宜昌高新区车站幼儿园,宜昌高新区智慧城18号,13545831180,2800,2200
178,宜昌高新区,民办园,宜昌高新区雅畈幼儿园,宜昌市枝江市白洋镇雅畈新街176号,0717-4434812,1800,1800
179,宜都市,公办园,宜都市幼儿园,宜都市陆城街道工农路80号,0717-4823437,老2100/新2400,1710
180,宜都市,公办园,宜都市姚家店镇红湖幼儿园,宜都市陆城梁山街88号,0717-4600911,1700,1710
181,宜都市,公办园,宜都市国悦府幼儿园,宜都市红春社区4组（纺织路）,0717-4821311,1700,1746
182,宜都市,公办园,潘家湾乡中心幼儿园,宜都市潘家湾乡潘湾村7组,0717-4735261,老1700/新2000,1600
183,宜都市,公办园,宜都市聂家河镇中心幼儿园,宜都市聂家河镇邓家桥村七组,0717-4790453,1700,1504
184,宜都市,民办园,宜都市大拇指幼儿园,宜都市陆城夷水路13号,0717-4820805,2880,1800
185,宜都市,民办园,宜都市锦江幼儿园,宜都市陆城街办锦江社区,0717-4805553,3500,1800
186,宜都市,民办园,宜都市蓝迪嘉木醇幼儿园,宜都市长江大道嘉木醇广场,0717-4811888,6000,1320
187,宜都市,民办园,宜都市枝城镇幼儿园,宜都市枝城镇王永彬街1号,0717-4660230,2980,1800
188,宜都市,公办园,宜都市姚家店镇莲花堰幼儿园,宜都市姚家店镇莲花堰村五组,0717-4826456,老1450/新1700,1710
189,宜都市,公办园,宜都市红花套镇中心幼儿园,宜都市红花套镇宜华大道25#,0717－4881586,老1450/新1700,1600
190,宜都市,公办园,宜都市松木坪镇贺炳炎幼儿园,宜都市松木坪镇双泉路1号,0717-4601010,老1450/新1700,1598
191,宜都市,公办园,宜都市松木坪镇茶园寺幼儿园,宜都市松木坪镇茶元寺村2组,0717-4600008,1700,1598
192,宜都市,民办园,宜都市陆城幼儿园,宜都市陆城街办东正街1巷91号,0717-4904671,3500,2000
193,宜都市,民办园,宜都市红花套镇紫薇花幼儿园,宜都市红花套镇红花套村二组,0717-4815678,2180,1800
194,宜都市,公办园,宜都市杨守敬幼儿园,宜都市清江大道91号,0717-4827428,老生1700新生2000,1764
195,宜都市,公办园,宜都市天赐龙庭幼儿园,宜都市杨守敬大道47号,0717-4604688,1700,1764
196,宜都市,公办园,宜都市王家畈镇中心幼儿园,宜都市王家畈镇王家畈村4组,0717—4780588,老1450/新1700,1600
197,宜都市,公办园,宜都市五眼泉镇中心幼儿园,宜都市五眼泉镇庙岗村一组,0717-4850789,老1450新1700,1520
198,宜都市,公办园,宜都市王家畈镇毛湖淌幼儿园,宜都市王家畈镇毛湖淌村4组,0717-4730120,老1450/新1700,1520
199,宜都市,民办园,宜都市清江幼儿园,宜都市红春社区名都路,0717-4661678,3500,2000
200,宜都市,民办园,宜都市枝城镇大堰幼儿园,宜都市枝城镇大堰村四组,0717-4646508,新生1950/老生1800,1600
201,宜都市,民办园,宜都市陆城第二幼儿园,宜都市园林丽景小区A栋,0717-4880980,5300,2000
202,宜都市,公办园,宜都市姚家店镇中心幼儿园,宜都市姚家店村二组,0717-4908856,老1700/新2000,1568
203,宜都市,公办园,宜都市枝城镇中心幼儿园,枝城镇西湖大道41号,0717-4605699,老1450/新1700 2000,1710
204,宜都市,公办园,宜都市高坝洲镇中心幼儿园,宜都市高坝洲镇中坪村八组,0717—4801802,老1450/新1700,1800
205,宜都市,民办园,宜都市枝城镇实验幼儿园,宜都市枝城镇渔港路8号,0717-4662497,新2600/老2200,1700
206,宜都市,公办园,宜都市厚德幼儿园,宜都市宜华大道锦江社区,18271368229,1700,1710
207,枝江市,公办,枝江市幼儿园,枝江市马家店街道胜利路25号,0717-4200646,2000,1800
208,枝江市,公办,枝江市马家店街道办事处中心幼儿园,枝江市马家店街道酒苑路2号,0717-4206776,2000,1800
209,枝江市,公办,枝江市马家店街道办事处友谊路幼儿园,枝江市友谊大道3-1,0717-4229066,1600,1800
210,枝江市,民办,枝江市马家店街道办事处城南幼儿园,枝江市马店路5号,13997683198,3000,2200
211,枝江市,公办,枝江市丹阳幼儿园,枝江市马家店街道酒苑1号,13972551588,1600,1800
212,枝江市,公办,枝江市七星幼儿园,枝江市关堰路1号,18871723759,1600,1800
213,枝江市,民办,枝江市中央山水大地幼稚园,枝江市马家店街道南岗路80号,0717-4290058,6500,2400
214,枝江市,民办,枝江市领秀之江幼儿园,枝江市沿江大道99号,13545725550,5600,2000
215,枝江市,民办,枝江市马家店街道办事处小星星幼儿园,枝江市马家店街道五星街2号,13207226366,4980,2000
216,枝江市,民办,枝江市马家店街道办事处清华幼儿园,枝江市迎宾大道81号民政局院内,15997688989,3000,2000
217,枝江市,公办,枝江市团结路幼儿园,枝江市团结路102号,15972707651,1600,1800
218,枝江市,民办,枝江市英杰橦桦幼儿园,枝江市马家店街道胜利路东段特2号,0717-4230066,10800,2400
219,枝江市,公办,枝江市江口幼儿园,枝江市马家店街办江口社区江陈路15号,18771800557,1600,1800
220,枝江市,公办,军事科学院幼儿园（枝江园）,枝江市江汉大道64号,0717-4239411,2250,2000
221,枝江市,公办,枝江市问安镇中心幼儿园,枝江市问安镇友谊路,13886682659,1600,1200
222,枝江市,民办,枝江市问安镇童星幼儿园,枝江市问安镇安阳路北段185-6号,15871575362,2000,1200
223,枝江市,公办,枝江市顾家店镇中心幼儿园,顾家店镇曹廷杰大道27-1号,15271464383,1600,1200
224,枝江市,公办,七星台镇中心幼儿园,七星台镇花园街74号,13545726075,2000,1700
225,枝江市,民办,七星台镇社区幼儿园,七星台镇青化路19号,13507240178,2000,1500
226,枝江市,公办,枝江市百里洲镇凤良幼儿园,枝江市百里洲镇凤良村3组115号,15926982859,1600,1200
227,枝江市,公办,枝江市百里洲镇中心幼儿园,枝江市百里洲镇刘巷村三组168号,0717—4063322,2000,1200
228,枝江市,公办,枝江市仙女镇中心幼儿园,枝江市民主大道125号,18907205345,1600,1500
229,枝江市,公办,枝江市金湖幼儿园,枝江市仙女镇北宸之光小区1号路西端,158 9750 3090,1600,1500
230,枝江市,民办,枝江市仙女镇小宝宝幼儿园,枝江市仙女镇仙女二路,15997524949,2000,1500
231,枝江市,公办,枝江市安福寺镇中心幼儿园,枝江市安福寺镇翔麟路63号,0717-4913271,1600,1200
232,枝江市,公办,枝江市安福寺镇紫荆岭社区幼儿园,枝江市安福寺镇紫荆路151号,0717-4913275,1600,1200
233,枝江市,民办,枝江市安福寺镇东部新社区幼儿园,枝江市安福寺镇玛瑙河以东，东部社区以北,13872691025,2000,1500
234,枝江市,公办,枝江市董市镇中心幼儿园,枝江市董市镇金盆山小区,0717－4915611,2000,1200
235,枝江市,公办,枝江市董市镇高峡幼儿园,枝江市董市镇高峡新村中部,0717-4101958,1600,1200
236,枝江市,民办,枝江市董市镇社区幼儿园,枝江市董市镇城建巷5号,13997650333,1800,1300
237,当阳市,公办,当阳市实验幼儿园,当阳市玉泉街道雄风村育才路9号,13907202281,2500,1700
238,当阳市,公办,当阳市实验幼儿园机关园,当阳市玉阳街道玉阳路65号,13886696726,2500,1700
239,当阳市,公办,当阳市实验幼儿园坝陵园,当阳市坝陵街道锦屏大道西端9号,18972562666,2200,1500
240,当阳市,公办,当阳市实验幼儿园合意园,当阳市玉泉街道合意村二组,13886696726,2000,1300
241,当阳市,公办,当阳市实验幼儿园大观园,当阳市玉阳街道环城西路特50号,18986765266,2000,1500
242,当阳市,公办,当阳市王店镇双莲幼儿园,当阳市王店镇双莲西路3号,13972582296,2000,1400
243,当阳市,公办,当阳市王店镇幼儿园,当阳市王店镇汉宜路166号,13872529068,2000,1400
244,当阳市,公办,当阳市草埠湖镇幼儿园,当阳市草埠湖镇镇菱路19-6号,15897576780,1600,1200
245,当阳市,公办,当阳市河溶镇幼儿园,当阳市河溶镇前程村一组,15972707383,1800,1400
246,当阳市,公办,当阳市淯溪镇脚东幼儿园,当阳市淯溪镇脚东平桥街3号,13165619677,1800,1400
247,当阳市,公办,当阳市淯溪镇幼儿园,当阳市淯溪镇小河桥路65号,18062399332,2000,1400
248,当阳市,公办,当阳市庙前镇幼儿园,当阳市庙前镇烟集街106号,15872634865,1600,1400
249,当阳市,公办,当阳市玉阳幼儿园,当阳市玉阳街道南正街26号,13487228911,2000,1700
250,当阳市,公办,当阳市两河镇幼儿园,当阳市两河镇朝阳街5号,15871660448,1800,1500
251,当阳市,公办,当阳市半月镇幼儿园,当阳市半月镇先锋村5组233号,13972587216,2000,1500
252,当阳市,公办,当阳市东岳幼儿园,当阳市半月镇胡家湾集镇,13367174766,1600,1500
253,当阳市,公办,当阳市干溪幼儿园,当阳市玉泉街道干河村二组220号,18972522666,2000,1500
254,当阳市,民办,当阳市草埠湖成芳幼儿园,当阳市草埠湖镇镇荆路175-1号,13177087440,1600,1200
255,当阳市,民办,当阳市官当幼儿园,当阳市河溶镇官垱街,18062987598,2000,1500
256,当阳市,民办,当阳市星星幼儿园,当阳市河溶镇大堰街2巷2号,13972562600,2200,1300
257,当阳市,民办,当阳市淯溪希望幼儿园,当阳市淯溪镇小河桥路28号,15342486333,2000,1400
258,当阳市,民办,当阳市小蓝天幼儿园,当阳市庙前镇佟湖村一组,13197321448,2000,1400
259,当阳市,民办,当阳市东升幼儿园,当阳市长坂路128号,15871555197,2000,1500
260,当阳市,民办,当阳市爱心幼儿园,当阳市玉阳街道子龙路香榭水岸12号楼,13972598032,2000,1500
261,当阳市,民办,当阳市林虹幼儿园,当阳市广家洲路77号,3221936,5800,1800
262,当阳市,民办,当阳市坝陵幼儿园,当阳市坝陵街道坝陵村二小区111号,13617276660,2000,1500
263,当阳市,民办,当阳市林虹幼儿园干溪分园,当阳市玉泉街道干河村2组82号,3320526,1800,1500
264,当阳市,民办,当阳市童欣幼儿园,当阳市关陵路29号,18871766698,1800,1500
265,当阳市,民办,当阳市东幼龙之城幼儿园,当阳市熊家山路8号,3224858,5500,2300
266,当阳市,民办,当阳市嘉润幼儿园,当阳市环城东路83号,15871660531,4800,2000
267,当阳市,民办,当阳市香榭幼儿园,当阳市子龙路59号香榭水岸小区7号楼,3906099,4000,1800
268,当阳市,民办,当阳市楚晨幼儿园,湖北省当阳市玉阳街道广州路98号,3256666,5500,2300
269,当阳市,民办,当阳市东育花之园幼儿园,当阳市环城南路81号,3150055,6200,2300
270,当阳市,公办,当阳市慈化幼儿园,当阳市坝陵街道慈化村一组,15971646236,1800,1500
271,当阳市,公办,当阳市窑湾幼儿园,当阳市玉阳街道窑湾街466号,13487220881,1600,1500
272,五峰土家族自治县,民办普惠,小脚丫幼儿园,仁和坪镇升子坪村7组,13972013215,1600,1700
273,五峰土家族自治县,公办,仁和坪镇中心幼儿园,仁和坪镇仁和坪村9组,13997744323,1300,1400
274,五峰土家族自治县,民办普惠,渔洋关镇乐贝贝幼儿园,渔洋关镇钟岭西路43号,15971675898,1680,2120
275,五峰土家族自治县,民办非普惠,金色阳光幼儿园,渔洋关镇古潭小区院内,13387288499,3000,2500
276,五峰土家族自治县,民办普惠,渔洋关镇世纪贝贝幼儿园,渔洋关镇曹家坪路5号,15327612345,1680,2100
277,五峰土家族自治县,公办,五峰镇中心幼儿园,五峰镇正街11号,13085150717,1300,1500
278,五峰土家族自治县,公办,襄铁幼儿园,渔洋关镇长乐大道91号,13477836928,1500,1900
279,五峰土家族自治县,公办,长乐坪镇中心幼儿园,长乐坪镇正街49号,13872490930,1300,1500
280,五峰土家族自治县,公办,幸福幼儿园,渔洋关镇幸福大道59—1,13707208358,1500,1900
281,五峰土家族自治县,民办普惠,农业幼儿园,五峰镇小北门16号,13477104616,1500,1500
282,五峰土家族自治县,民办普惠,丑小鸭幼儿园,五峰镇万马池4组,13972531401,1500,1500
283,五峰土家族自治县,公办,湾潭镇中心幼儿园,湾潭镇中街15号,13618689582,1300,1500
284,五峰土家族自治县,民办普惠,湾潭镇小博士幼儿园,湾潭镇上街32号,13085158698,1300,1500
285,五峰土家族自治县,公办,傅家堰乡中心幼儿园,傅家堰乡上街1号,13997733446,1300,1500
286,五峰土家族自治县,公办,采花乡中心幼儿园,采花乡长茂司村1组,13886658990,1300,1300
287,五峰土家族自治县,公办,牛庄乡中心幼儿园,牛庄乡牛庄村1组,13986784405,1300,1500
288,五峰土家族自治县,民办普惠,五峰格林童话生态幼儿园,渔洋关镇曹家坪村35号,15271453081,1680,2500
289,五峰土家族自治县,民办非普惠,五峰安特思库幼儿园,渔洋关镇黄龙寨小区14幢楼1-2楼,13387288499,3000,2500
290,五峰土家族自治县,公办,民族工业园幼儿园,枝江工业园区,13197313616,1300,1800
291,五峰土家族自治县,公办,幸福幼儿园水云居分园,渔洋关镇曹家坪村水云居小区,13707208358,1500,1900
292,兴山县,公办园,兴山县城区学前教育总园第一分园,兴山县古夫镇桔园小区10号,0717--2581969,1700,1500
293,兴山县,公办园,兴山县城区学前教育总园第二分园,兴山县古夫镇邓家坝小区278号,0717--2585569,1700,1500
294,兴山县,公办园,兴山县城区学前教育总园第三分园,兴山县古夫镇梅苑小区10号,0717--2588218,1700,1500
295,兴山县,公办园,兴山县城区学前教育总园第四分园,古夫镇丰邑社区清源路2号,0717—2581118,1000,1500
296,兴山县,公办园,兴山县城区学前教育总园第六分园,兴山县昭君镇小河社区凤凰街168号,0717—2511339,1700,1500
297,兴山县,公办园,兴山县峡口镇中心幼儿园,兴山县峡口镇居委会一组,0717--2480057,1700,1500
298,兴山县,公办园,兴山县黄粮镇中心幼儿园,兴山县黄粮镇黄粮坪村六组,15342486826,1700,1500
299,兴山县,公办园,兴山县水月寺镇中心幼儿园,兴山县水月寺镇居委会一组151号,18571037680,1700,1500
300,兴山县,公办园,兴山县高桥乡中心幼儿园,兴山县高桥乡龚家桥村三组,15090861947,1700,1500
301,兴山县,公办园,兴山县榛子乡中心幼儿园,兴山县榛子乡幸福村三组50号,13872609987,1450,1500
302,兴山县,公办园,兴山县南阳镇中心幼儿园,南阳镇阳泉村一组37号,18071908898,1700,1500
303,兴山县,公办园,兴山县峡口镇建阳坪小学附属幼儿园,兴山县峡口镇建阳坪村一组,18674261876,1400,1500
304,兴山县,公办园,兴山县水月寺镇高岚小学附属幼儿园,兴山县水月寺镇高岚村一组,13972038890,1450,1300
305,远安县,公办园,远安县直属机关幼儿园,远安县鸣凤镇凤德路1号,0717-3812368,新生1900元，老生1800元,2000元
306,远安县,公办园,远安县商业幼儿园,远安县鸣凤镇鸣凤大道45号,0717-3812246,新生1800元，老生1700元,2000元
307,远安县,公办园,远安县鸣凤镇北门村幼儿园,远安县鸣凤镇沮阳路38号,18162971686,1700元,2000元
308,远安县,公办园,远安县航天幼儿园,远安县鸣凤镇领秀路2号附2号,0717-3898728,新生1800元，老生1700元,2000元
309,远安县,公办园,远安县城东紫藤幼儿园,远安县鸣凤镇快舟大道106号,15926990388,1450元,1500元
310,远安县,公办园,远安县花林寺镇中心幼儿园,远安县花林寺镇花林路90号,0717-3685762,新生1800元，老生1700元,2000元
311,远安县,公办园,远安县旧县镇中心幼儿园,远安县旧县镇亭子山路育才巷,15090928766,新生1800元，老生1300元,2000元
312,远安县,公办园,远安县洋坪镇中心幼儿园,远安县洋坪镇双路村五组,15549272790,新生1800元，老生1700元,1500元
313,远安县,公办园,远安县洋坪镇中心幼儿园老君分园,远安县洋坪镇老君村,15926990388,新生1450元，老生1300元,2000元
314,远安县,公办园,远安县洋坪镇桃湾幼儿园,远安县洋坪镇洋坪村二组88号,15926990388,新生1450元，老生1300元,2000元
315,远安县,公办园,远安县茅坪场镇中心幼儿园,远安县茅坪场镇茅坪场村2组,13545846840,1800元,2000元
316,远安县,公办园,远安县河口乡中心幼儿园,远安县河口乡河口村三组,0717-3671398,新生1800元，老生1700元,2000元
317,远安县,公办园,远安县嫘祖镇中心幼儿园,远安县嫘祖镇垭丝路87号,15872659116,新生1800元，老生1700元,1500元
318,远安县,民办园,远安县小篮天幼儿园,远安县鸣凤镇鸣凤大道91号,0717-3813599,7000元,2000元
319,远安县,民办园,远安县嫘祖镇荷花幼儿园,远安县嫘祖镇苟家垭村2组,13886712801,1800元,1500元
320,长阳县,公办,长阳土家族自治县第一幼儿园,长阳土家族自治县龙舟坪镇老街21号,0717－5322824,1500,1500
321,长阳县,公办,长阳土家族自治县第二幼儿园,长阳土家族自治县龙舟坪镇四冲街路110号,0717-5324151,1500,1500
322,长阳县,公办,鸭子口乡刘坪幼儿园,长阳土家族自治县鸭子口乡刘坪村一组,15571745910,1300,1000
323,长阳县,公办,龙舟坪镇石牌幼儿园,长阳土家族自治县龙舟坪镇王家棚村四组29号,0717—5449871,1300,1500
324,长阳县,公办,都镇湾镇麻池幼儿园,长阳土家族自治县都镇湾镇麻池村一组,0717-5426316,1300,700
325,长阳县,公办,都镇湾镇中心幼儿园,长阳土家族自治县都镇湾镇庄溪村四组,0717-5401123,1500,1600
326,长阳县,公办,榔坪镇幼儿园,长阳土家族自治县榔坪镇社坪村二组,0717-5492598,1500,1200
327,长阳县,公办,大堰乡小坳子幼儿园,长阳土家族自治县大堰乡钟家湾村一组,0717—5440449,1300,1600
328,长阳县,公办,高家堰镇彭家河幼儿园,长阳土家族自治县高家堰镇彭家河村三组,15872488629,1300,1300
329,长阳县,公办,贺家坪镇中心幼儿园,长阳土家族自治县贺家坪镇希望路16号,0717-5355966,1500,1000
330,长阳县,公办,火烧坪乡幼儿园,长阳土家族自治县火烧坪乡青树包村一组,0717-5322238,1100,1200
331,长阳县,公办,长阳土家族自治县高家堰镇幼儿园,长阳土家族自治县高家堰镇高家堰村七组,0717--5488679,1300,1600
332,长阳县,公办,资丘镇幼儿园,长阳土家族自治县资丘镇资丘村五组,0717—5471889,1100,1400
333,长阳县,公办,磨市镇幼儿园,长阳土家族自治县磨市镇救师口村一组,13545769260,1500,1000
334,长阳县,公办,渔峡口镇枝柘坪幼儿园,长阳土家族自治县渔峡口镇枝柘坪村四组,0717-5417669,1500,1200
335,长阳县,公办,龙舟坪镇中心幼儿园,长阳土家族自治县龙舟坪镇潘家塘路25号,0717-5318907,1500,1500
336,长阳县,民办,贺家坪镇幼儿园,长阳土家族自治县贺家坪镇临河一巷2号,13469858577,1400,1300
337,长阳县,民办,榔坪镇中心幼儿园,长阳土家族自治县榔坪镇社坪村二组,13986792126,1400,1300
338,长阳县,民办,榔坪镇秀峰桥幼儿园,长阳土家族自治县榔坪镇秀峰桥村2组,13397205276,1400,1300
339,长阳县,民办,龙舟坪镇苗苗幼儿园,长阳土家族自治县龙舟大道292号香舍丽园304,13487216659,1650,2250
340,长阳县,民办,龙舟坪镇蓝天幼儿园,长阳土家族自治县龙舟坪镇枫竹园社区津洋路108号,15897578998,1650,2050
341,长阳县,民办,长阳四冲街幼儿园,长阳土家族自治县龙舟坪镇四冲湾路16号,13986836593,1690,2110
342,长阳县,民办,长阳经济开发区幼儿园,长阳土家族自治县龙舟坪镇刘家冲村七组049号,0717-5322866,1300,1700
343,长阳县,民办,长阳白氏坪萌芽幼儿园,长阳土家族自治县龙舟坪镇刘家冲村七组长阳大道378号,0717-5308212,1430,1570
344,长阳县,民办,乖宝宝幼儿园（城关园）,长阳土家族自治县龙舟坪镇老街60-1012,0717-5321640,1960,1840
345,长阳县,民办,龙舟坪镇两河口幼儿园,长阳土家族自治县龙舟坪镇两河口村四组26号,0717-5322866,1595,1305
346,长阳县,民办,大堰中心幼儿园,长阳土家族自治县大堰乡大堰村一组,0717-5460888,1900,1900
347,长阳县,民办,长阳龙舟坪镇蓝精灵幼儿园,长阳土家族自治县龙舟坪镇四冲街路23号,13227289793,1430,2070
348,长阳县,民办,龙津星城幼儿园,长阳土家族自治县龙舟坪镇津洋口龙津星城2号综合楼,0717-5488333,2850,1980
349,长阳县,民办,长阳英杰小苹果幼儿园有限公司,长阳龙舟坪镇龙舟坪村一组44号,13545844400,4800,1800
350,长阳县,民办,世纪贝贝幼儿园,长阳土家族自治县龙舟坪镇秋潭路35号,0717-5458789,3980,2000
351,长阳县,公办,渔峡口镇幼儿园,长阳土家族自治县渔峡口镇渔坪村5组香石路16号,18271376926,1100,1200
352,长阳县,公办,长阳县龙舟坪镇津洋口幼儿园,长阳土家族自治县久兰路166号,15071809327,1100,1200
353,长阳县,公办,长阳土家族自治县第三幼儿园,长阳土家族自治县龙舟坪镇向王街26号,15997586387,1100,1500
354,秭归县,公办,秭归县直机关幼儿园,秭归县茅坪镇屈原东路10号,13872542398,1500,1500
355,秭归县,公办,秭归县第二幼儿园,秭归县茅坪镇建平二路1号,15997634996,1500,1500
356,秭归县,公办,秭归县第三幼儿园,秭归县茅坪镇南郡二路2号,13477869711,1400,1500
357,秭归县,公办,秭归县第四幼儿园,秭归县茅坪镇三溪路65号,15997630812,1400,1500
358,秭归县,公办,秭归县第五幼儿园,秭归县茅坪镇明珠大道195号,15997507666,1400,1800
359,秭归县,公办,秭归县屈原镇中心幼儿园,秭归县屈原镇前山路1号,15871553346,1400,1500
360,秭归县,公办,秭归县归州镇中心幼儿园,秭归县归州镇归乡路,13886705196,1400,1600
361,秭归县,公办,秭归县水田坝乡中心幼儿园,秭归县水田坝乡新集镇沿江路16号,18627124528,1500,1400
362,秭归县,公办,秭归县泄滩乡中心幼儿园,秭归县泄滩乡陈家湾村五组,15671015035,1400,1200
363,秭归县,公办,秭归县沙镇溪镇中心幼儿园,秭归县沙镇溪镇大岭路73号,18986828579,1500,1600
364,秭归县,公办,秭归县两河口镇中心幼儿园,秭归县两河口镇太坪村一组68号,15997601450,1400,1500
365,秭归县,公办,秭归县磨坪乡中心幼儿园,秭归县磨坪乡一篮村三组,18995919328,1400,700
366,秭归县,公办,秭归县梅家河乡中心幼儿园,秭归县梅家河乡鲁家湾村一组,18062396763,1400,1500
367,秭归县,公办,秭归县郭家坝镇中心幼儿园,秭归县郭家坝镇集镇楚都路14号,13886671255,1400,1400
368,秭归县,公办,秭归县九畹溪镇中心幼儿园,秭归县九畹溪镇周坪村三组,13607205255,1400,1700
369,秭归县,公办,秭归县杨林桥镇中心幼儿园,秭归县杨林桥镇振兴路380号,13972010739,1400,1400
370,秭归县,公办,秭归县九畹溪镇芦池湾小学,秭归县九畹溪镇九畹堂村一组,15871562061,1400,1000
371,秭归县,民办,秭归县金苹果幼儿园,秭归县茅坪镇滨湖路8号,18986828662,3500,1800
372,秭归县,民办,秭归县小太阳幼儿园,秭归县茅坪镇丹阳路32号,15997622668,3200,1800
373,秭归县,民办,秭归县九里幼儿园,秭归县茅坪镇九里开发区二圣路56号,13477869799,2980,1800
374,秭归县,民办,秭归县银河幼儿园,秭归县茅坪镇杨贵店老街21号,13997662727,3480,1800
375,秭归县,民办,秭归县世纪宝贝幼儿园,秭归县茅坪镇龙舟路1号香山湖景天成32号楼,15272116777,3480,2000
376,秭归县,民办,秭归屈子天问幼儿园有限公司,秭归县茅坪镇天问路97号,15997657922,3560,3000
377,秭归县,民办,秭归县郭家坝镇文化幼儿园,秭归县郭家坝镇文化村四组,15171808188,2880,1500
