xh,ssq,xmmc,xmdz,jsts,sywqts
1,伍家岗区,碧翠苑小区,杨岔路88号,180,26
2,西陵区,平湖馨苑一二期,朝阳路105号,3636,53
3,伍家岗区,听涛苑,中南一路29号,1784,911
4,西陵区,新街坊,峡州大道109号,3546,2579
5,伍家岗区,九安城,合益路205号,3079,17
6,西陵区,北辰港湾A区,西陵二路106号,662,131
7,西陵区,北辰港湾B区,西陵二路108号,710,80
8,点军区,江南时代,五龙路13号,1115,458
9,伍家岗区,东辰心语,东艳路1号,4974,26
10,西陵区,北辰明珠,西湖路39号,1976,27
